# SYNTHETIC DATA - NOT A REAL CLIENT. Acme Widgets LLC, tax year 2025, ship-to state sales. Lines starting with # are comments.
transaction_id,date,ship_to_state,amount_usd,channel
TXN-00001,2025-01-01,CA,773.32,website
TXN-00002,2025-01-01,CA,785.92,website
TXN-00003,2025-01-01,CO,833.35,website
TXN-00004,2025-01-01,CO,1117.28,website
TXN-00005,2025-01-01,CO,1294.14,marketplace
TXN-00006,2025-01-01,TX,951.96,website
TXN-00007,2025-01-01,WA,385.66,wholesale
TXN-00008,2025-01-02,CA,698.59,website
TXN-00009,2025-01-02,CA,1034.81,website
TXN-00010,2025-01-02,CO,691.95,marketplace
TXN-00011,2025-01-02,CO,1301.51,website
TXN-00012,2025-01-02,TX,424.31,website
TXN-00013,2025-01-03,CO,451.32,website
TXN-00014,2025-01-03,CO,498.33,marketplace
TXN-00015,2025-01-03,CO,574.36,marketplace
TXN-00016,2025-01-03,CO,769.74,wholesale
TXN-00017,2025-01-03,CO,1039.50,website
TXN-00018,2025-01-03,CO,1166.67,website
TXN-00019,2025-01-03,CO,1290.83,wholesale
TXN-00020,2025-01-03,TX,481.41,website
TXN-00021,2025-01-03,TX,569.02,wholesale
TXN-00022,2025-01-04,CA,975.45,website
TXN-00023,2025-01-04,CO,811.55,website
TXN-00024,2025-01-04,CO,946.27,wholesale
TXN-00025,2025-01-04,CO,991.22,wholesale
TXN-00026,2025-01-04,CO,1283.07,wholesale
TXN-00027,2025-01-04,FL,528.40,wholesale
TXN-00028,2025-01-04,TX,532.82,website
TXN-00029,2025-01-04,TX,654.75,wholesale
TXN-00030,2025-01-04,WA,496.09,website
TXN-00031,2025-01-04,WA,718.62,wholesale
TXN-00032,2025-01-05,CA,704.95,website
TXN-00033,2025-01-05,CO,671.02,website
TXN-00034,2025-01-05,CO,730.69,wholesale
TXN-00035,2025-01-05,CO,1167.88,website
TXN-00036,2025-01-05,CO,1210.21,wholesale
TXN-00037,2025-01-05,CO,1216.29,website
TXN-00038,2025-01-05,TX,448.58,wholesale
TXN-00039,2025-01-05,TX,468.82,marketplace
TXN-00040,2025-01-05,TX,524.31,wholesale
TXN-00041,2025-01-05,TX,845.50,website
TXN-00042,2025-01-05,TX,986.60,website
TXN-00043,2025-01-05,WA,472.16,wholesale
TXN-00044,2025-01-05,WA,719.95,website
TXN-00045,2025-01-06,CA,536.23,website
TXN-00046,2025-01-06,CO,453.92,website
TXN-00047,2025-01-06,CO,640.91,website
TXN-00048,2025-01-06,CO,712.49,wholesale
TXN-00049,2025-01-06,CO,725.05,website
TXN-00050,2025-01-06,CO,976.07,website
TXN-00051,2025-01-06,CO,1035.31,wholesale
TXN-00052,2025-01-06,CO,1079.62,wholesale
TXN-00053,2025-01-06,TX,383.83,website
TXN-00054,2025-01-06,TX,549.05,wholesale
TXN-00055,2025-01-06,TX,743.62,website
TXN-00056,2025-01-06,WA,741.21,website
TXN-00057,2025-01-07,CA,930.09,wholesale
TXN-00058,2025-01-07,CO,632.54,wholesale
TXN-00059,2025-01-07,CO,942.40,website
TXN-00060,2025-01-07,CO,974.12,website
TXN-00061,2025-01-07,TX,970.08,website
TXN-00062,2025-01-07,WA,305.70,website
TXN-00063,2025-01-07,WA,484.58,website
TXN-00064,2025-01-08,CA,443.10,website
TXN-00065,2025-01-08,CA,522.53,website
TXN-00066,2025-01-08,CA,668.56,wholesale
TXN-00067,2025-01-08,CO,518.91,website
TXN-00068,2025-01-08,CO,788.17,website
TXN-00069,2025-01-08,CO,882.59,marketplace
TXN-00070,2025-01-08,CO,1120.49,wholesale
TXN-00071,2025-01-08,TX,743.51,website
TXN-00072,2025-01-08,TX,818.93,website
TXN-00073,2025-01-08,TX,1019.10,website
TXN-00074,2025-01-09,CA,852.95,wholesale
TXN-00075,2025-01-09,CO,608.67,website
TXN-00076,2025-01-09,CO,1083.08,website
TXN-00077,2025-01-09,CO,1293.51,website
TXN-00078,2025-01-09,FL,883.00,website
TXN-00079,2025-01-09,TX,390.95,website
TXN-00080,2025-01-09,TX,424.20,wholesale
TXN-00081,2025-01-09,TX,533.04,wholesale
TXN-00082,2025-01-09,TX,649.54,website
TXN-00083,2025-01-09,TX,796.65,website
TXN-00084,2025-01-09,WA,550.98,marketplace
TXN-00085,2025-01-10,CO,798.80,website
TXN-00086,2025-01-10,CO,885.42,website
TXN-00087,2025-01-10,FL,494.25,website
TXN-00088,2025-01-11,CO,666.53,wholesale
TXN-00089,2025-01-11,CO,778.43,website
TXN-00090,2025-01-11,CO,1188.75,website
TXN-00091,2025-01-11,CO,1270.38,website
TXN-00092,2025-01-11,TX,534.25,marketplace
TXN-00093,2025-01-11,TX,637.31,marketplace
TXN-00094,2025-01-11,TX,967.29,website
TXN-00095,2025-01-11,WA,544.87,wholesale
TXN-00096,2025-01-12,CO,729.89,website
TXN-00097,2025-01-12,CO,915.84,wholesale
TXN-00098,2025-01-12,CO,1053.51,website
TXN-00099,2025-01-12,CO,1053.76,marketplace
TXN-00100,2025-01-12,CO,1122.65,wholesale
TXN-00101,2025-01-12,CO,1140.47,wholesale
TXN-00102,2025-01-12,CO,1309.77,website
TXN-00103,2025-01-12,TX,453.29,website
TXN-00104,2025-01-12,TX,471.21,wholesale
TXN-00105,2025-01-12,TX,568.49,wholesale
TXN-00106,2025-01-13,CO,960.59,wholesale
TXN-00107,2025-01-13,CO,999.21,website
TXN-00108,2025-01-13,CO,1278.46,wholesale
TXN-00109,2025-01-13,TX,453.38,website
TXN-00110,2025-01-13,TX,605.46,website
TXN-00111,2025-01-13,TX,876.15,wholesale
TXN-00112,2025-01-13,TX,940.30,website
TXN-00113,2025-01-13,TX,1011.95,marketplace
TXN-00114,2025-01-14,CA,678.42,wholesale
TXN-00115,2025-01-14,CO,479.28,website
TXN-00116,2025-01-14,CO,1260.24,marketplace
TXN-00117,2025-01-14,CO,1274.34,wholesale
TXN-00118,2025-01-14,CO,1303.93,website
TXN-00119,2025-01-14,CO,1333.03,wholesale
TXN-00120,2025-01-14,TX,461.45,wholesale
TXN-00121,2025-01-14,WA,395.55,website
TXN-00122,2025-01-15,CA,559.06,wholesale
TXN-00123,2025-01-15,CA,904.86,website
TXN-00124,2025-01-15,CO,553.22,website
TXN-00125,2025-01-15,CO,762.37,website
TXN-00126,2025-01-15,CO,1257.31,marketplace
TXN-00127,2025-01-15,TX,587.43,website
TXN-00128,2025-01-15,TX,712.11,wholesale
TXN-00129,2025-01-15,WA,389.13,website
TXN-00130,2025-01-15,WA,786.41,website
TXN-00131,2025-01-16,CA,716.55,wholesale
TXN-00132,2025-01-16,CA,943.61,website
TXN-00133,2025-01-16,CO,545.47,wholesale
TXN-00134,2025-01-16,CO,599.25,website
TXN-00135,2025-01-16,CO,605.54,wholesale
TXN-00136,2025-01-16,CO,1069.04,website
TXN-00137,2025-01-16,CO,1095.48,website
TXN-00138,2025-01-16,CO,1321.63,website
TXN-00139,2025-01-16,TX,381.34,website
TXN-00140,2025-01-16,TX,533.95,marketplace
TXN-00141,2025-01-16,TX,754.36,wholesale
TXN-00142,2025-01-16,TX,947.21,website
TXN-00143,2025-01-17,CO,623.03,website
TXN-00144,2025-01-17,WA,755.02,website
TXN-00145,2025-01-18,CA,562.88,website
TXN-00146,2025-01-18,CA,854.40,website
TXN-00147,2025-01-18,CO,653.37,website
TXN-00148,2025-01-18,CO,787.24,website
TXN-00149,2025-01-18,CO,927.64,website
TXN-00150,2025-01-18,CO,972.00,website
TXN-00151,2025-01-18,CO,1085.20,website
TXN-00152,2025-01-18,FL,490.40,wholesale
TXN-00153,2025-01-18,TX,596.14,wholesale
TXN-00154,2025-01-18,TX,832.29,website
TXN-00155,2025-01-18,WA,749.59,wholesale
TXN-00156,2025-01-19,CA,989.50,website
TXN-00157,2025-01-19,CO,459.99,wholesale
TXN-00158,2025-01-19,CO,570.00,marketplace
TXN-00159,2025-01-19,CO,889.04,wholesale
TXN-00160,2025-01-19,CO,1081.33,website
TXN-00161,2025-01-19,TX,492.48,website
TXN-00162,2025-01-19,TX,543.74,website
TXN-00163,2025-01-19,TX,997.42,wholesale
TXN-00164,2025-01-20,CA,381.39,website
TXN-00165,2025-01-20,CA,395.64,website
TXN-00166,2025-01-20,CO,688.54,website
TXN-00167,2025-01-20,CO,927.38,wholesale
TXN-00168,2025-01-20,NY,870.53,marketplace
TXN-00169,2025-01-20,TX,616.06,wholesale
TXN-00170,2025-01-20,TX,758.22,wholesale
TXN-00171,2025-01-20,TX,810.78,wholesale
TXN-00172,2025-01-20,WA,771.32,wholesale
TXN-00173,2025-01-21,CA,1014.33,wholesale
TXN-00174,2025-01-21,CA,1064.68,wholesale
TXN-00175,2025-01-21,CO,677.80,website
TXN-00176,2025-01-21,CO,795.15,wholesale
TXN-00177,2025-01-21,CO,941.29,website
TXN-00178,2025-01-21,CO,1114.95,website
TXN-00179,2025-01-21,CO,1194.28,website
TXN-00180,2025-01-21,CO,1331.39,wholesale
TXN-00181,2025-01-21,TX,743.41,website
TXN-00182,2025-01-21,TX,858.78,marketplace
TXN-00183,2025-01-21,TX,960.34,website
TXN-00184,2025-01-21,TX,999.15,website
TXN-00185,2025-01-21,WA,315.16,marketplace
TXN-00186,2025-01-22,CO,567.72,wholesale
TXN-00187,2025-01-22,CO,847.20,website
TXN-00188,2025-01-22,CO,953.30,wholesale
TXN-00189,2025-01-22,CO,1196.83,website
TXN-00190,2025-01-22,TX,453.49,website
TXN-00191,2025-01-23,CA,460.37,website
TXN-00192,2025-01-23,CO,782.91,website
TXN-00193,2025-01-23,CO,800.04,website
TXN-00194,2025-01-23,CO,1151.86,wholesale
TXN-00195,2025-01-23,CO,1163.65,website
TXN-00196,2025-01-23,CO,1172.15,website
TXN-00197,2025-01-23,NY,1017.89,wholesale
TXN-00198,2025-01-23,TX,838.78,website
TXN-00199,2025-01-23,TX,1014.49,website
TXN-00200,2025-01-23,WA,407.43,website
TXN-00201,2025-01-23,WA,577.03,wholesale
TXN-00202,2025-01-24,CA,485.46,website
TXN-00203,2025-01-24,CA,716.30,wholesale
TXN-00204,2025-01-24,CO,738.79,website
TXN-00205,2025-01-24,CO,951.48,website
TXN-00206,2025-01-24,CO,1139.26,website
TXN-00207,2025-01-24,TX,565.30,marketplace
TXN-00208,2025-01-24,TX,709.70,marketplace
TXN-00209,2025-01-24,TX,751.74,wholesale
TXN-00210,2025-01-25,CA,571.37,website
TXN-00211,2025-01-25,CO,448.01,marketplace
TXN-00212,2025-01-25,CO,634.52,website
TXN-00213,2025-01-25,CO,694.55,website
TXN-00214,2025-01-25,CO,777.74,wholesale
TXN-00215,2025-01-25,CO,788.66,wholesale
TXN-00216,2025-01-25,CO,882.22,website
TXN-00217,2025-01-25,CO,920.17,website
TXN-00218,2025-01-25,TX,423.10,wholesale
TXN-00219,2025-01-25,TX,687.82,wholesale
TXN-00220,2025-01-25,TX,946.53,website
TXN-00221,2025-01-25,WA,614.55,wholesale
TXN-00222,2025-01-25,WA,710.02,website
TXN-00223,2025-01-26,CA,798.08,website
TXN-00224,2025-01-26,CA,860.77,website
TXN-00225,2025-01-26,CO,858.24,marketplace
TXN-00226,2025-01-26,CO,1129.98,website
TXN-00227,2025-01-26,WA,333.82,website
TXN-00228,2025-01-27,CO,589.33,website
TXN-00229,2025-01-27,CO,870.75,website
TXN-00230,2025-01-27,CO,933.44,website
TXN-00231,2025-01-27,TX,428.52,wholesale
TXN-00232,2025-01-27,TX,578.87,wholesale
TXN-00233,2025-01-27,TX,685.90,wholesale
TXN-00234,2025-01-27,TX,830.57,wholesale
TXN-00235,2025-01-27,TX,969.78,marketplace
TXN-00236,2025-01-28,CA,623.49,wholesale
TXN-00237,2025-01-28,CA,630.57,website
TXN-00238,2025-01-28,CO,667.55,website
TXN-00239,2025-01-28,CO,733.22,website
TXN-00240,2025-01-28,CO,862.75,website
TXN-00241,2025-01-28,CO,1291.17,website
TXN-00242,2025-01-28,TX,511.67,website
TXN-00243,2025-01-28,TX,603.61,website
TXN-00244,2025-01-28,TX,692.85,marketplace
TXN-00245,2025-01-28,WA,353.67,website
TXN-00246,2025-01-29,CA,1059.11,website
TXN-00247,2025-01-29,CO,790.69,website
TXN-00248,2025-01-29,CO,811.99,wholesale
TXN-00249,2025-01-29,WA,273.21,website
TXN-00250,2025-01-30,CA,857.35,website
TXN-00251,2025-01-30,CO,447.80,wholesale
TXN-00252,2025-01-30,CO,553.47,wholesale
TXN-00253,2025-01-30,CO,612.39,website
TXN-00254,2025-01-30,WA,432.56,wholesale
TXN-00255,2025-01-30,WA,769.00,website
TXN-00256,2025-01-31,CO,692.43,marketplace
TXN-00257,2025-01-31,CO,728.92,website
TXN-00258,2025-01-31,CO,837.83,website
TXN-00259,2025-01-31,CO,839.79,wholesale
TXN-00260,2025-01-31,CO,900.18,website
TXN-00261,2025-01-31,CO,1112.63,website
TXN-00262,2025-01-31,TX,1016.63,website
TXN-00263,2025-02-01,CA,444.66,website
TXN-00264,2025-02-01,CA,527.38,marketplace
TXN-00265,2025-02-01,CO,452.05,marketplace
TXN-00266,2025-02-01,CO,603.79,website
TXN-00267,2025-02-01,CO,702.22,website
TXN-00268,2025-02-01,CO,789.21,wholesale
TXN-00269,2025-02-01,CO,853.15,wholesale
TXN-00270,2025-02-01,CO,985.20,website
TXN-00271,2025-02-01,CO,1216.20,wholesale
TXN-00272,2025-02-01,CO,1294.07,marketplace
TXN-00273,2025-02-01,NY,1930.00,wholesale
TXN-00274,2025-02-01,TX,447.61,wholesale
TXN-00275,2025-02-01,TX,692.07,wholesale
TXN-00276,2025-02-01,TX,876.37,website
TXN-00277,2025-02-01,TX,932.75,website
TXN-00278,2025-02-02,CO,853.21,marketplace
TXN-00279,2025-02-02,CO,1172.63,website
TXN-00280,2025-02-02,CO,1313.27,website
TXN-00281,2025-02-02,NY,1146.05,website
TXN-00282,2025-02-02,NY,1934.74,marketplace
TXN-00283,2025-02-03,CA,732.18,website
TXN-00284,2025-02-03,CO,663.04,website
TXN-00285,2025-02-03,CO,837.00,website
TXN-00286,2025-02-03,CO,1074.94,wholesale
TXN-00287,2025-02-03,CO,1082.17,website
TXN-00288,2025-02-03,CO,1112.35,website
TXN-00289,2025-02-03,TX,362.59,wholesale
TXN-00290,2025-02-03,TX,878.61,wholesale
TXN-00291,2025-02-03,WA,341.58,wholesale
TXN-00292,2025-02-04,CA,720.10,marketplace
TXN-00293,2025-02-04,CO,646.74,website
TXN-00294,2025-02-04,TX,719.35,website
TXN-00295,2025-02-04,TX,750.48,wholesale
TXN-00296,2025-02-04,WA,324.13,website
TXN-00297,2025-02-04,WA,658.15,marketplace
TXN-00298,2025-02-05,CO,521.56,marketplace
TXN-00299,2025-02-05,CO,620.56,website
TXN-00300,2025-02-05,CO,1080.58,website
TXN-00301,2025-02-05,CO,1094.19,website
TXN-00302,2025-02-05,TX,474.30,website
TXN-00303,2025-02-05,TX,726.34,website
TXN-00304,2025-02-05,WA,544.16,wholesale
TXN-00305,2025-02-06,CA,1048.23,marketplace
TXN-00306,2025-02-06,CO,455.52,website
TXN-00307,2025-02-06,CO,928.42,wholesale
TXN-00308,2025-02-06,CO,1247.27,website
TXN-00309,2025-02-06,CO,1279.50,website
TXN-00310,2025-02-06,TX,786.55,website
TXN-00311,2025-02-06,TX,824.88,wholesale
TXN-00312,2025-02-06,WA,601.22,website
TXN-00313,2025-02-06,WA,635.15,website
TXN-00314,2025-02-07,CA,740.78,wholesale
TXN-00315,2025-02-07,CA,798.89,wholesale
TXN-00316,2025-02-07,CO,595.58,website
TXN-00317,2025-02-07,CO,701.49,wholesale
TXN-00318,2025-02-07,FL,627.22,wholesale
TXN-00319,2025-02-07,FL,777.18,wholesale
TXN-00320,2025-02-07,TX,934.79,website
TXN-00321,2025-02-07,TX,1003.73,wholesale
TXN-00322,2025-02-07,TX,1019.54,marketplace
TXN-00323,2025-02-08,CA,507.16,website
TXN-00324,2025-02-08,CA,864.41,website
TXN-00325,2025-02-08,CO,881.29,website
TXN-00326,2025-02-08,CO,984.79,marketplace
TXN-00327,2025-02-08,CO,1023.70,wholesale
TXN-00328,2025-02-09,CA,1020.23,wholesale
TXN-00329,2025-02-09,CA,1040.25,website
TXN-00330,2025-02-09,CO,606.68,marketplace
TXN-00331,2025-02-09,CO,776.73,website
TXN-00332,2025-02-09,CO,895.74,website
TXN-00333,2025-02-09,CO,923.55,website
TXN-00334,2025-02-09,CO,966.69,marketplace
TXN-00335,2025-02-09,CO,1034.73,website
TXN-00336,2025-02-09,CO,1155.04,website
TXN-00337,2025-02-09,FL,513.77,website
TXN-00338,2025-02-09,TX,956.68,website
TXN-00339,2025-02-09,WA,300.43,website
TXN-00340,2025-02-10,CA,465.48,wholesale
TXN-00341,2025-02-10,CA,495.98,website
TXN-00342,2025-02-10,CO,556.16,website
TXN-00343,2025-02-10,CO,1209.32,wholesale
TXN-00344,2025-02-10,CO,1308.23,wholesale
TXN-00345,2025-02-10,TX,454.17,wholesale
TXN-00346,2025-02-10,TX,742.00,website
TXN-00347,2025-02-10,TX,916.78,website
TXN-00348,2025-02-10,WA,575.88,wholesale
TXN-00349,2025-02-11,CO,473.55,website
TXN-00350,2025-02-11,CO,626.21,website
TXN-00351,2025-02-11,CO,659.61,website
TXN-00352,2025-02-11,CO,669.22,website
TXN-00353,2025-02-11,CO,799.18,marketplace
TXN-00354,2025-02-11,CO,1213.44,website
TXN-00355,2025-02-11,NY,1807.81,website
TXN-00356,2025-02-11,TX,418.88,website
TXN-00357,2025-02-11,TX,440.05,wholesale
TXN-00358,2025-02-11,TX,976.09,wholesale
TXN-00359,2025-02-12,CO,861.44,marketplace
TXN-00360,2025-02-12,CO,1004.56,wholesale
TXN-00361,2025-02-12,CO,1156.59,website
TXN-00362,2025-02-12,TX,555.47,wholesale
TXN-00363,2025-02-12,WA,783.16,marketplace
TXN-00364,2025-02-13,CO,996.21,website
TXN-00365,2025-02-13,CO,1102.98,website
TXN-00366,2025-02-13,TX,362.63,website
TXN-00367,2025-02-13,TX,516.67,marketplace
TXN-00368,2025-02-13,TX,894.77,wholesale
TXN-00369,2025-02-14,CA,616.45,website
TXN-00370,2025-02-14,CO,626.31,website
TXN-00371,2025-02-14,CO,636.15,website
TXN-00372,2025-02-14,CO,1051.23,website
TXN-00373,2025-02-14,CO,1277.18,wholesale
TXN-00374,2025-02-14,FL,829.37,website
TXN-00375,2025-02-14,TX,488.40,website
TXN-00376,2025-02-14,TX,800.23,website
TXN-00377,2025-02-14,WA,342.23,wholesale
TXN-00378,2025-02-15,CO,832.74,website
TXN-00379,2025-02-15,CO,872.94,wholesale
TXN-00380,2025-02-16,CA,500.80,website
TXN-00381,2025-02-16,CA,827.40,wholesale
TXN-00382,2025-02-16,CO,855.90,wholesale
TXN-00383,2025-02-16,NY,1445.19,marketplace
TXN-00384,2025-02-16,TX,800.64,website
TXN-00385,2025-02-16,TX,964.46,wholesale
TXN-00386,2025-02-16,TX,971.93,website
TXN-00387,2025-02-16,TX,1007.47,wholesale
TXN-00388,2025-02-16,WA,574.90,website
TXN-00389,2025-02-16,WA,754.82,website
TXN-00390,2025-02-17,CA,950.10,wholesale
TXN-00391,2025-02-17,CA,1062.68,website
TXN-00392,2025-02-17,CO,602.20,website
TXN-00393,2025-02-17,CO,625.34,website
TXN-00394,2025-02-17,TX,731.03,website
TXN-00395,2025-02-17,TX,748.63,wholesale
TXN-00396,2025-02-17,WA,269.34,website
TXN-00397,2025-02-17,WA,522.51,website
TXN-00398,2025-02-17,WA,710.31,website
TXN-00399,2025-02-18,CA,471.50,website
TXN-00400,2025-02-18,CO,789.57,website
TXN-00401,2025-02-18,CO,804.18,wholesale
TXN-00402,2025-02-18,CO,947.54,website
TXN-00403,2025-02-18,CO,1212.45,website
TXN-00404,2025-02-18,TX,444.19,website
TXN-00405,2025-02-18,TX,814.38,website
TXN-00406,2025-02-18,TX,848.32,website
TXN-00407,2025-02-19,CA,418.81,website
TXN-00408,2025-02-19,CA,584.24,wholesale
TXN-00409,2025-02-19,CO,1330.01,website
TXN-00410,2025-02-19,WA,285.62,wholesale
TXN-00411,2025-02-19,WA,389.43,website
TXN-00412,2025-02-20,CA,900.80,wholesale
TXN-00413,2025-02-20,CO,503.16,wholesale
TXN-00414,2025-02-20,CO,962.13,wholesale
TXN-00415,2025-02-20,CO,1000.04,website
TXN-00416,2025-02-20,CO,1058.31,marketplace
TXN-00417,2025-02-20,WA,393.29,website
TXN-00418,2025-02-21,CO,605.47,website
TXN-00419,2025-02-21,CO,613.13,wholesale
TXN-00420,2025-02-21,TX,418.20,website
TXN-00421,2025-02-21,TX,438.27,website
TXN-00422,2025-02-21,TX,1029.70,website
TXN-00423,2025-02-22,CA,991.27,wholesale
TXN-00424,2025-02-22,CO,559.76,website
TXN-00425,2025-02-22,CO,579.87,website
TXN-00426,2025-02-22,CO,586.74,wholesale
TXN-00427,2025-02-22,CO,748.22,wholesale
TXN-00428,2025-02-22,CO,777.78,website
TXN-00429,2025-02-22,CO,1328.19,website
TXN-00430,2025-02-22,TX,393.98,website
TXN-00431,2025-02-22,TX,471.32,website
TXN-00432,2025-02-22,TX,536.97,website
TXN-00433,2025-02-22,WA,377.10,marketplace
TXN-00434,2025-02-23,CA,1043.37,marketplace
TXN-00435,2025-02-23,CO,465.19,website
TXN-00436,2025-02-23,CO,764.66,marketplace
TXN-00437,2025-02-23,CO,1038.67,website
TXN-00438,2025-02-23,CO,1072.10,website
TXN-00439,2025-02-23,CO,1144.94,website
TXN-00440,2025-02-23,TX,602.54,website
TXN-00441,2025-02-23,WA,575.16,website
TXN-00442,2025-02-24,CO,1078.84,website
TXN-00443,2025-02-24,CO,1230.76,wholesale
TXN-00444,2025-02-24,TX,427.29,website
TXN-00445,2025-02-24,TX,446.95,marketplace
TXN-00446,2025-02-24,TX,555.36,marketplace
TXN-00447,2025-02-24,TX,975.61,website
TXN-00448,2025-02-25,CA,807.64,wholesale
TXN-00449,2025-02-25,CO,666.76,website
TXN-00450,2025-02-25,CO,832.91,wholesale
TXN-00451,2025-02-25,CO,844.70,website
TXN-00452,2025-02-25,CO,1122.07,website
TXN-00453,2025-02-25,CO,1154.12,website
TXN-00454,2025-02-25,CO,1214.97,website
TXN-00455,2025-02-25,CO,1262.21,website
TXN-00456,2025-02-25,TX,725.42,website
TXN-00457,2025-02-26,CA,419.81,website
TXN-00458,2025-02-26,CA,614.03,wholesale
TXN-00459,2025-02-26,CA,887.84,website
TXN-00460,2025-02-26,CO,573.13,website
TXN-00461,2025-02-26,CO,593.30,website
TXN-00462,2025-02-26,CO,795.05,website
TXN-00463,2025-02-26,CO,802.79,website
TXN-00464,2025-02-26,CO,976.07,website
TXN-00465,2025-02-26,CO,1128.97,wholesale
TXN-00466,2025-02-26,TX,536.58,website
TXN-00467,2025-02-26,TX,725.47,website
TXN-00468,2025-02-26,TX,736.52,website
TXN-00469,2025-02-26,WA,574.38,website
TXN-00470,2025-02-27,CA,850.73,wholesale
TXN-00471,2025-02-27,CO,502.81,website
TXN-00472,2025-02-27,CO,891.91,wholesale
TXN-00473,2025-02-27,CO,1202.35,website
TXN-00474,2025-02-27,TX,420.27,wholesale
TXN-00475,2025-02-27,TX,717.19,wholesale
TXN-00476,2025-02-28,CA,639.60,wholesale
TXN-00477,2025-02-28,CO,600.87,wholesale
TXN-00478,2025-02-28,CO,1077.64,website
TXN-00479,2025-02-28,CO,1329.28,wholesale
TXN-00480,2025-02-28,TX,391.45,wholesale
TXN-00481,2025-02-28,TX,720.75,website
TXN-00482,2025-02-28,TX,767.49,wholesale
TXN-00483,2025-02-28,TX,896.51,website
TXN-00484,2025-03-01,CA,509.79,website
TXN-00485,2025-03-01,CO,663.21,wholesale
TXN-00486,2025-03-01,CO,666.01,website
TXN-00487,2025-03-01,CO,781.43,website
TXN-00488,2025-03-01,CO,1160.79,website
TXN-00489,2025-03-01,TX,398.46,website
TXN-00490,2025-03-01,TX,647.32,wholesale
TXN-00491,2025-03-01,TX,736.17,website
TXN-00492,2025-03-02,CO,584.26,wholesale
TXN-00493,2025-03-02,CO,592.45,wholesale
TXN-00494,2025-03-02,CO,1018.82,wholesale
TXN-00495,2025-03-02,CO,1079.85,wholesale
TXN-00496,2025-03-02,TX,923.47,website
TXN-00497,2025-03-03,CO,918.82,website
TXN-00498,2025-03-03,CO,1222.74,website
TXN-00499,2025-03-03,CO,1281.45,marketplace
TXN-00500,2025-03-03,CO,1288.41,website
TXN-00501,2025-03-03,TX,373.72,website
TXN-00502,2025-03-03,TX,929.01,marketplace
TXN-00503,2025-03-03,TX,983.53,marketplace
TXN-00504,2025-03-03,WA,400.14,website
TXN-00505,2025-03-04,CA,725.99,website
TXN-00506,2025-03-04,CO,551.79,marketplace
TXN-00507,2025-03-04,CO,867.58,wholesale
TXN-00508,2025-03-04,CO,904.91,website
TXN-00509,2025-03-04,CO,965.79,wholesale
TXN-00510,2025-03-04,CO,1002.24,website
TXN-00511,2025-03-04,NY,1544.46,wholesale
TXN-00512,2025-03-04,TX,377.37,website
TXN-00513,2025-03-04,TX,924.32,website
TXN-00514,2025-03-04,TX,929.40,wholesale
TXN-00515,2025-03-04,WA,623.01,wholesale
TXN-00516,2025-03-05,CA,848.51,wholesale
TXN-00517,2025-03-05,CA,869.15,website
TXN-00518,2025-03-05,CO,605.93,wholesale
TXN-00519,2025-03-05,CO,697.29,wholesale
TXN-00520,2025-03-05,CO,717.28,marketplace
TXN-00521,2025-03-05,CO,900.31,marketplace
TXN-00522,2025-03-05,CO,1045.64,website
TXN-00523,2025-03-05,TX,713.34,website
TXN-00524,2025-03-05,TX,730.26,website
TXN-00525,2025-03-05,TX,930.08,website
TXN-00526,2025-03-05,WA,307.87,wholesale
TXN-00527,2025-03-06,CA,870.27,website
TXN-00528,2025-03-06,CA,886.40,website
TXN-00529,2025-03-06,CA,1095.60,website
TXN-00530,2025-03-06,CO,533.95,website
TXN-00531,2025-03-06,CO,581.31,wholesale
TXN-00532,2025-03-06,CO,1051.39,website
TXN-00533,2025-03-06,CO,1262.51,website
TXN-00534,2025-03-06,TX,572.09,wholesale
TXN-00535,2025-03-06,TX,906.92,website
TXN-00536,2025-03-07,CO,759.16,website
TXN-00537,2025-03-07,CO,770.47,wholesale
TXN-00538,2025-03-07,CO,1062.37,website
TXN-00539,2025-03-07,TX,494.72,marketplace
TXN-00540,2025-03-07,TX,505.09,wholesale
TXN-00541,2025-03-07,TX,669.31,website
TXN-00542,2025-03-07,TX,739.20,wholesale
TXN-00543,2025-03-07,TX,846.77,website
TXN-00544,2025-03-07,TX,848.28,website
TXN-00545,2025-03-07,TX,946.53,website
TXN-00546,2025-03-07,WA,524.95,website
TXN-00547,2025-03-07,WA,545.35,wholesale
TXN-00548,2025-03-07,WA,553.40,wholesale
TXN-00549,2025-03-08,CO,485.11,website
TXN-00550,2025-03-08,CO,499.71,marketplace
TXN-00551,2025-03-08,CO,564.12,website
TXN-00552,2025-03-08,CO,564.51,website
TXN-00553,2025-03-08,CO,613.34,website
TXN-00554,2025-03-08,CO,952.72,website
TXN-00555,2025-03-08,CO,980.88,website
TXN-00556,2025-03-08,CO,1144.99,website
TXN-00557,2025-03-08,CO,1216.65,website
TXN-00558,2025-03-08,CO,1231.13,website
TXN-00559,2025-03-08,TX,414.26,website
TXN-00560,2025-03-09,CO,465.90,wholesale
TXN-00561,2025-03-09,CO,846.47,website
TXN-00562,2025-03-09,CO,926.25,marketplace
TXN-00563,2025-03-09,CO,1011.78,website
TXN-00564,2025-03-09,CO,1027.73,website
TXN-00565,2025-03-09,CO,1075.53,wholesale
TXN-00566,2025-03-09,TX,407.21,website
TXN-00567,2025-03-09,TX,409.86,website
TXN-00568,2025-03-09,WA,456.51,website
TXN-00569,2025-03-10,CO,552.67,website
TXN-00570,2025-03-10,CO,993.05,website
TXN-00571,2025-03-10,FL,952.15,wholesale
TXN-00572,2025-03-10,TX,384.29,website
TXN-00573,2025-03-10,TX,403.30,website
TXN-00574,2025-03-10,WA,707.87,marketplace
TXN-00575,2025-03-11,CO,469.92,wholesale
TXN-00576,2025-03-11,CO,530.78,wholesale
TXN-00577,2025-03-11,CO,569.17,website
TXN-00578,2025-03-11,CO,697.91,wholesale
TXN-00579,2025-03-11,CO,1048.14,website
TXN-00580,2025-03-11,TX,560.36,website
TXN-00581,2025-03-11,TX,579.77,wholesale
TXN-00582,2025-03-11,TX,599.31,marketplace
TXN-00583,2025-03-11,TX,729.23,website
TXN-00584,2025-03-11,WA,448.25,website
TXN-00585,2025-03-11,WA,665.02,website
TXN-00586,2025-03-11,WA,703.85,website
TXN-00587,2025-03-12,CA,480.99,wholesale
TXN-00588,2025-03-12,CA,506.14,wholesale
TXN-00589,2025-03-12,CA,949.60,website
TXN-00590,2025-03-12,CO,483.08,wholesale
TXN-00591,2025-03-12,CO,589.41,website
TXN-00592,2025-03-12,CO,1283.05,website
TXN-00593,2025-03-12,FL,821.63,website
TXN-00594,2025-03-12,TX,401.23,website
TXN-00595,2025-03-12,TX,755.98,marketplace
TXN-00596,2025-03-12,TX,870.98,wholesale
TXN-00597,2025-03-13,CA,420.45,website
TXN-00598,2025-03-13,CA,495.87,marketplace
TXN-00599,2025-03-13,CA,952.24,wholesale
TXN-00600,2025-03-13,CO,496.43,wholesale
TXN-00601,2025-03-13,CO,529.60,website
TXN-00602,2025-03-13,CO,796.34,wholesale
TXN-00603,2025-03-13,CO,1080.48,wholesale
TXN-00604,2025-03-13,CO,1338.99,website
TXN-00605,2025-03-13,NY,738.89,website
TXN-00606,2025-03-13,NY,1182.30,website
TXN-00607,2025-03-13,TX,347.70,website
TXN-00608,2025-03-13,TX,406.12,wholesale
TXN-00609,2025-03-13,TX,434.38,website
TXN-00610,2025-03-13,TX,503.82,website
TXN-00611,2025-03-13,TX,553.80,website
TXN-00612,2025-03-13,TX,593.11,wholesale
TXN-00613,2025-03-13,TX,982.86,wholesale
TXN-00614,2025-03-14,CO,508.38,wholesale
TXN-00615,2025-03-14,CO,749.25,website
TXN-00616,2025-03-14,CO,1119.79,marketplace
TXN-00617,2025-03-14,TX,591.68,marketplace
TXN-00618,2025-03-14,TX,608.71,wholesale
TXN-00619,2025-03-14,TX,837.94,website
TXN-00620,2025-03-14,TX,844.94,wholesale
TXN-00621,2025-03-14,WA,506.83,wholesale
TXN-00622,2025-03-15,CA,554.82,website
TXN-00623,2025-03-15,CO,650.25,website
TXN-00624,2025-03-15,CO,800.72,wholesale
TXN-00625,2025-03-15,CO,1024.37,website
TXN-00626,2025-03-15,CO,1041.40,website
TXN-00627,2025-03-15,CO,1220.41,website
TXN-00628,2025-03-15,NY,1921.28,website
TXN-00629,2025-03-15,TX,452.26,website
TXN-00630,2025-03-15,TX,554.77,website
TXN-00631,2025-03-15,TX,649.22,wholesale
TXN-00632,2025-03-15,TX,723.44,website
TXN-00633,2025-03-15,TX,886.25,marketplace
TXN-00634,2025-03-15,TX,932.74,website
TXN-00635,2025-03-15,TX,988.25,website
TXN-00636,2025-03-16,CA,566.28,website
TXN-00637,2025-03-16,CA,586.36,website
TXN-00638,2025-03-16,CO,801.92,website
TXN-00639,2025-03-16,CO,1053.14,website
TXN-00640,2025-03-16,FL,815.82,website
TXN-00641,2025-03-16,TX,555.93,marketplace
TXN-00642,2025-03-16,TX,655.43,website
TXN-00643,2025-03-16,TX,793.08,website
TXN-00644,2025-03-17,CO,530.04,website
TXN-00645,2025-03-17,CO,992.97,wholesale
TXN-00646,2025-03-17,CO,1021.82,website
TXN-00647,2025-03-17,CO,1092.03,website
TXN-00648,2025-03-17,CO,1204.50,website
TXN-00649,2025-03-17,TX,517.75,website
TXN-00650,2025-03-17,TX,670.01,marketplace
TXN-00651,2025-03-17,TX,771.59,website
TXN-00652,2025-03-18,CA,632.20,website
TXN-00653,2025-03-18,CO,876.18,website
TXN-00654,2025-03-18,CO,935.77,website
TXN-00655,2025-03-18,CO,938.20,wholesale
TXN-00656,2025-03-18,CO,1239.29,website
TXN-00657,2025-03-18,CO,1264.92,website
TXN-00658,2025-03-18,FL,858.74,website
TXN-00659,2025-03-18,TX,507.10,wholesale
TXN-00660,2025-03-18,TX,702.49,wholesale
TXN-00661,2025-03-18,WA,488.31,wholesale
TXN-00662,2025-03-19,CA,929.25,website
TXN-00663,2025-03-19,CO,502.52,wholesale
TXN-00664,2025-03-19,CO,1222.88,website
TXN-00665,2025-03-19,CO,1227.77,website
TXN-00666,2025-03-19,CO,1245.85,marketplace
TXN-00667,2025-03-19,TX,481.26,wholesale
TXN-00668,2025-03-19,TX,795.95,website
TXN-00669,2025-03-20,CA,439.16,website
TXN-00670,2025-03-20,CA,757.39,wholesale
TXN-00671,2025-03-20,CO,519.94,website
TXN-00672,2025-03-20,CO,731.67,wholesale
TXN-00673,2025-03-20,CO,1139.46,website
TXN-00674,2025-03-20,CO,1324.27,wholesale
TXN-00675,2025-03-20,TX,632.12,wholesale
TXN-00676,2025-03-20,WA,362.22,wholesale
TXN-00677,2025-03-21,CA,895.53,website
TXN-00678,2025-03-21,CO,508.30,website
TXN-00679,2025-03-21,CO,716.29,wholesale
TXN-00680,2025-03-21,CO,1050.66,wholesale
TXN-00681,2025-03-21,CO,1114.63,website
TXN-00682,2025-03-21,TX,464.08,wholesale
TXN-00683,2025-03-22,CA,716.34,website
TXN-00684,2025-03-22,CO,595.68,website
TXN-00685,2025-03-22,CO,681.93,marketplace
TXN-00686,2025-03-22,CO,1149.73,wholesale
TXN-00687,2025-03-22,CO,1159.53,website
TXN-00688,2025-03-22,TX,609.31,website
TXN-00689,2025-03-22,TX,613.76,website
TXN-00690,2025-03-22,WA,380.56,marketplace
TXN-00691,2025-03-22,WA,607.82,wholesale
TXN-00692,2025-03-22,WA,635.53,website
TXN-00693,2025-03-23,CA,427.31,website
TXN-00694,2025-03-23,CA,927.37,website
TXN-00695,2025-03-23,CA,1099.20,website
TXN-00696,2025-03-23,CO,773.93,wholesale
TXN-00697,2025-03-23,CO,1171.36,website
TXN-00698,2025-03-23,CO,1238.47,website
TXN-00699,2025-03-23,TX,807.79,wholesale
TXN-00700,2025-03-23,WA,324.95,wholesale
TXN-00701,2025-03-23,WA,402.75,wholesale
TXN-00702,2025-03-24,CA,673.97,marketplace
TXN-00703,2025-03-24,CA,946.83,website
TXN-00704,2025-03-24,CO,985.88,website
TXN-00705,2025-03-24,CO,1008.13,wholesale
TXN-00706,2025-03-24,CO,1169.21,website
TXN-00707,2025-03-24,CO,1325.68,website
TXN-00708,2025-03-24,CO,1330.76,marketplace
TXN-00709,2025-03-24,TX,843.51,website
TXN-00710,2025-03-24,TX,881.62,website
TXN-00711,2025-03-24,WA,446.85,website
TXN-00712,2025-03-25,CO,817.74,website
TXN-00713,2025-03-25,CO,935.92,website
TXN-00714,2025-03-25,CO,977.03,wholesale
TXN-00715,2025-03-25,CO,998.77,wholesale
TXN-00716,2025-03-25,CO,1285.24,marketplace
TXN-00717,2025-03-25,WA,608.32,website
TXN-00718,2025-03-26,CO,1030.77,marketplace
TXN-00719,2025-03-26,CO,1162.88,wholesale
TXN-00720,2025-03-26,TX,491.03,wholesale
TXN-00721,2025-03-26,TX,870.79,website
TXN-00722,2025-03-27,CA,885.28,wholesale
TXN-00723,2025-03-27,CO,782.55,wholesale
TXN-00724,2025-03-27,TX,863.34,website
TXN-00725,2025-03-27,WA,407.56,website
TXN-00726,2025-03-28,CA,888.77,website
TXN-00727,2025-03-28,CO,546.64,website
TXN-00728,2025-03-28,CO,687.69,wholesale
TXN-00729,2025-03-28,CO,984.77,marketplace
TXN-00730,2025-03-28,CO,1229.64,website
TXN-00731,2025-03-28,CO,1283.35,website
TXN-00732,2025-03-28,TX,391.16,wholesale
TXN-00733,2025-03-28,TX,932.68,website
TXN-00734,2025-03-29,CO,625.44,website
TXN-00735,2025-03-29,CO,744.27,website
TXN-00736,2025-03-29,CO,855.15,wholesale
TXN-00737,2025-03-29,CO,887.54,website
TXN-00738,2025-03-29,CO,936.03,wholesale
TXN-00739,2025-03-29,CO,1308.40,marketplace
TXN-00740,2025-03-29,TX,410.07,marketplace
TXN-00741,2025-03-29,TX,441.08,wholesale
TXN-00742,2025-03-29,TX,458.05,website
TXN-00743,2025-03-29,TX,820.41,wholesale
TXN-00744,2025-03-29,TX,919.63,website
TXN-00745,2025-03-29,TX,1002.91,wholesale
TXN-00746,2025-03-30,CA,984.78,website
TXN-00747,2025-03-30,CO,510.10,website
TXN-00748,2025-03-30,CO,840.01,wholesale
TXN-00749,2025-03-30,CO,1088.38,website
TXN-00750,2025-03-30,CO,1307.03,website
TXN-00751,2025-03-30,TX,403.47,website
TXN-00752,2025-03-30,TX,424.02,website
TXN-00753,2025-03-30,TX,439.91,marketplace
TXN-00754,2025-03-30,TX,630.29,website
TXN-00755,2025-03-30,TX,906.56,wholesale
TXN-00756,2025-03-30,WA,319.34,website
TXN-00757,2025-03-30,WA,648.36,wholesale
TXN-00758,2025-03-31,CO,479.19,website
TXN-00759,2025-03-31,CO,577.41,website
TXN-00760,2025-03-31,CO,616.63,website
TXN-00761,2025-03-31,CO,741.65,marketplace
TXN-00762,2025-03-31,CO,1278.15,website
TXN-00763,2025-03-31,TX,351.73,wholesale
TXN-00764,2025-03-31,TX,489.54,marketplace
TXN-00765,2025-03-31,TX,903.34,website
TXN-00766,2025-04-01,CA,549.51,website
TXN-00767,2025-04-01,CO,507.22,website
TXN-00768,2025-04-01,CO,1053.24,wholesale
TXN-00769,2025-04-01,CO,1144.05,website
TXN-00770,2025-04-01,CO,1275.58,website
TXN-00771,2025-04-01,NY,747.47,website
TXN-00772,2025-04-01,TX,791.52,wholesale
TXN-00773,2025-04-02,CA,726.17,wholesale
TXN-00774,2025-04-02,CA,1044.85,website
TXN-00775,2025-04-02,CO,677.38,wholesale
TXN-00776,2025-04-02,CO,1288.08,website
TXN-00777,2025-04-02,TX,1028.57,website
TXN-00778,2025-04-03,CA,910.24,wholesale
TXN-00779,2025-04-03,CA,1095.09,wholesale
TXN-00780,2025-04-03,CO,572.76,wholesale
TXN-00781,2025-04-03,CO,1275.23,wholesale
TXN-00782,2025-04-03,CO,1334.39,website
TXN-00783,2025-04-03,TX,396.16,website
TXN-00784,2025-04-03,TX,595.97,website
TXN-00785,2025-04-03,TX,867.68,wholesale
TXN-00786,2025-04-03,TX,958.34,website
TXN-00787,2025-04-04,CA,502.12,wholesale
TXN-00788,2025-04-04,CA,890.77,wholesale
TXN-00789,2025-04-04,CA,1093.28,website
TXN-00790,2025-04-04,CO,474.15,website
TXN-00791,2025-04-04,CO,889.43,wholesale
TXN-00792,2025-04-04,CO,1168.07,website
TXN-00793,2025-04-04,CO,1275.59,website
TXN-00794,2025-04-04,TX,400.29,wholesale
TXN-00795,2025-04-04,TX,810.52,website
TXN-00796,2025-04-05,CA,697.29,website
TXN-00797,2025-04-05,CO,492.68,website
TXN-00798,2025-04-05,CO,654.12,website
TXN-00799,2025-04-05,CO,1091.28,website
TXN-00800,2025-04-05,TX,413.97,website
TXN-00801,2025-04-05,TX,482.66,website
TXN-00802,2025-04-05,TX,760.97,website
TXN-00803,2025-04-05,TX,944.44,website
TXN-00804,2025-04-05,WA,293.47,website
TXN-00805,2025-04-05,WA,641.50,website
TXN-00806,2025-04-06,CO,469.15,website
TXN-00807,2025-04-06,CO,514.42,wholesale
TXN-00808,2025-04-06,CO,1317.77,wholesale
TXN-00809,2025-04-06,FL,916.40,wholesale
TXN-00810,2025-04-06,TX,497.48,website
TXN-00811,2025-04-06,WA,417.41,marketplace
TXN-00812,2025-04-06,WA,564.64,website
TXN-00813,2025-04-07,CO,568.45,website
TXN-00814,2025-04-07,CO,586.52,website
TXN-00815,2025-04-07,CO,1046.92,wholesale
TXN-00816,2025-04-07,CO,1052.51,website
TXN-00817,2025-04-07,CO,1239.53,website
TXN-00818,2025-04-07,TX,523.19,website
TXN-00819,2025-04-07,TX,939.72,website
TXN-00820,2025-04-08,CO,516.37,marketplace
TXN-00821,2025-04-08,CO,812.84,website
TXN-00822,2025-04-08,CO,1157.44,website
TXN-00823,2025-04-08,TX,519.53,marketplace
TXN-00824,2025-04-08,TX,590.60,website
TXN-00825,2025-04-08,TX,760.34,marketplace
TXN-00826,2025-04-08,TX,1019.58,website
TXN-00827,2025-04-08,WA,339.32,website
TXN-00828,2025-04-08,WA,361.02,website
TXN-00829,2025-04-09,CO,950.18,website
TXN-00830,2025-04-09,NY,1615.30,marketplace
TXN-00831,2025-04-09,NY,1824.93,website
TXN-00832,2025-04-09,TX,591.67,website
TXN-00833,2025-04-09,TX,668.60,website
TXN-00834,2025-04-09,TX,810.41,website
TXN-00835,2025-04-10,CA,1082.86,website
TXN-00836,2025-04-10,CO,471.93,website
TXN-00837,2025-04-10,CO,740.79,website
TXN-00838,2025-04-10,CO,835.50,wholesale
TXN-00839,2025-04-10,CO,852.12,website
TXN-00840,2025-04-10,CO,930.96,website
TXN-00841,2025-04-10,CO,1005.33,marketplace
TXN-00842,2025-04-10,CO,1180.56,marketplace
TXN-00843,2025-04-10,FL,737.36,wholesale
TXN-00844,2025-04-10,NY,1401.04,wholesale
TXN-00845,2025-04-10,TX,449.03,website
TXN-00846,2025-04-10,TX,507.19,website
TXN-00847,2025-04-10,TX,606.95,wholesale
TXN-00848,2025-04-10,TX,1007.67,website
TXN-00849,2025-04-11,CA,693.98,marketplace
TXN-00850,2025-04-11,CA,767.56,wholesale
TXN-00851,2025-04-11,CO,477.88,website
TXN-00852,2025-04-11,CO,575.80,wholesale
TXN-00853,2025-04-11,CO,781.38,website
TXN-00854,2025-04-11,CO,1124.33,wholesale
TXN-00855,2025-04-11,CO,1289.97,wholesale
TXN-00856,2025-04-11,TX,618.45,website
TXN-00857,2025-04-12,CO,512.41,website
TXN-00858,2025-04-12,CO,572.85,wholesale
TXN-00859,2025-04-12,CO,1036.66,website
TXN-00860,2025-04-12,CO,1315.44,marketplace
TXN-00861,2025-04-12,CO,1329.26,wholesale
TXN-00862,2025-04-12,TX,715.82,wholesale
TXN-00863,2025-04-12,TX,912.38,website
TXN-00864,2025-04-12,TX,1021.39,website
TXN-00865,2025-04-12,WA,496.30,website
TXN-00866,2025-04-12,WA,566.00,website
TXN-00867,2025-04-13,CA,945.16,wholesale
TXN-00868,2025-04-13,CO,600.62,wholesale
TXN-00869,2025-04-13,TX,632.52,website
TXN-00870,2025-04-13,TX,870.03,website
TXN-00871,2025-04-14,CA,759.05,marketplace
TXN-00872,2025-04-14,CA,870.71,wholesale
TXN-00873,2025-04-14,CO,613.58,website
TXN-00874,2025-04-14,CO,928.14,marketplace
TXN-00875,2025-04-14,CO,1062.42,website
TXN-00876,2025-04-14,CO,1128.69,wholesale
TXN-00877,2025-04-14,CO,1216.22,website
TXN-00878,2025-04-14,CO,1238.68,website
TXN-00879,2025-04-14,CO,1331.83,website
TXN-00880,2025-04-15,CO,640.50,wholesale
TXN-00881,2025-04-15,CO,1090.68,website
TXN-00882,2025-04-15,CO,1297.41,website
TXN-00883,2025-04-15,TX,966.46,wholesale
TXN-00884,2025-04-16,CA,367.86,website
TXN-00885,2025-04-16,CO,733.12,wholesale
TXN-00886,2025-04-16,CO,899.80,website
TXN-00887,2025-04-16,CO,1146.05,website
TXN-00888,2025-04-16,CO,1242.72,website
TXN-00889,2025-04-16,TX,544.75,website
TXN-00890,2025-04-16,TX,557.29,wholesale
TXN-00891,2025-04-16,TX,832.71,website
TXN-00892,2025-04-17,CA,461.26,website
TXN-00893,2025-04-17,CA,821.41,wholesale
TXN-00894,2025-04-17,TX,466.98,wholesale
TXN-00895,2025-04-17,TX,532.98,wholesale
TXN-00896,2025-04-17,TX,548.71,wholesale
TXN-00897,2025-04-17,TX,907.49,website
TXN-00898,2025-04-18,CA,976.74,website
TXN-00899,2025-04-18,CA,1038.08,wholesale
TXN-00900,2025-04-18,CO,456.74,website
TXN-00901,2025-04-18,CO,1225.84,website
TXN-00902,2025-04-18,TX,370.47,marketplace
TXN-00903,2025-04-18,TX,780.07,website
TXN-00904,2025-04-18,TX,783.99,website
TXN-00905,2025-04-18,WA,533.77,website
TXN-00906,2025-04-19,CO,1168.23,website
TXN-00907,2025-04-19,CO,1172.54,wholesale
TXN-00908,2025-04-19,CO,1210.64,website
TXN-00909,2025-04-19,FL,705.14,website
TXN-00910,2025-04-19,TX,793.77,website
TXN-00911,2025-04-19,TX,926.46,wholesale
TXN-00912,2025-04-19,TX,946.92,wholesale
TXN-00913,2025-04-19,WA,473.69,website
TXN-00914,2025-04-20,CA,857.30,wholesale
TXN-00915,2025-04-20,CO,731.33,marketplace
TXN-00916,2025-04-20,CO,1085.13,website
TXN-00917,2025-04-20,CO,1192.78,website
TXN-00918,2025-04-20,FL,1233.47,website
TXN-00919,2025-04-20,TX,571.19,website
TXN-00920,2025-04-20,TX,571.37,wholesale
TXN-00921,2025-04-20,WA,560.78,website
TXN-00922,2025-04-21,CA,548.66,wholesale
TXN-00923,2025-04-21,CA,903.54,website
TXN-00924,2025-04-21,CA,1055.06,website
TXN-00925,2025-04-21,CO,962.03,website
TXN-00926,2025-04-21,CO,1180.66,website
TXN-00927,2025-04-21,CO,1246.61,website
TXN-00928,2025-04-21,TX,717.85,wholesale
TXN-00929,2025-04-21,TX,847.03,website
TXN-00930,2025-04-21,TX,955.82,website
TXN-00931,2025-04-21,WA,381.64,website
TXN-00932,2025-04-21,WA,422.78,wholesale
TXN-00933,2025-04-22,CA,799.69,wholesale
TXN-00934,2025-04-22,CO,483.70,website
TXN-00935,2025-04-22,CO,592.47,wholesale
TXN-00936,2025-04-22,CO,1205.41,wholesale
TXN-00937,2025-04-22,CO,1260.49,wholesale
TXN-00938,2025-04-22,NY,794.64,website
TXN-00939,2025-04-22,TX,750.90,marketplace
TXN-00940,2025-04-22,TX,950.54,website
TXN-00941,2025-04-22,TX,965.34,wholesale
TXN-00942,2025-04-23,CA,428.89,website
TXN-00943,2025-04-23,CO,789.28,website
TXN-00944,2025-04-24,CA,573.73,wholesale
TXN-00945,2025-04-24,CA,620.46,website
TXN-00946,2025-04-24,CA,647.75,wholesale
TXN-00947,2025-04-24,CO,462.36,wholesale
TXN-00948,2025-04-24,CO,487.70,marketplace
TXN-00949,2025-04-24,CO,872.37,website
TXN-00950,2025-04-24,CO,888.62,wholesale
TXN-00951,2025-04-24,CO,946.95,website
TXN-00952,2025-04-24,CO,1031.52,wholesale
TXN-00953,2025-04-24,CO,1067.78,wholesale
TXN-00954,2025-04-24,CO,1124.40,wholesale
TXN-00955,2025-04-24,CO,1135.96,website
TXN-00956,2025-04-24,TX,366.57,website
TXN-00957,2025-04-24,TX,393.28,wholesale
TXN-00958,2025-04-24,TX,841.26,website
TXN-00959,2025-04-24,TX,858.63,website
TXN-00960,2025-04-25,CA,596.82,website
TXN-00961,2025-04-25,CA,959.17,marketplace
TXN-00962,2025-04-25,CO,537.32,website
TXN-00963,2025-04-25,CO,545.62,marketplace
TXN-00964,2025-04-25,CO,758.19,wholesale
TXN-00965,2025-04-25,CO,1097.04,website
TXN-00966,2025-04-25,CO,1106.72,website
TXN-00967,2025-04-25,CO,1162.28,website
TXN-00968,2025-04-25,TX,581.29,wholesale
TXN-00969,2025-04-25,WA,758.39,website
TXN-00970,2025-04-26,CA,387.74,wholesale
TXN-00971,2025-04-26,CA,527.05,website
TXN-00972,2025-04-26,CO,535.72,website
TXN-00973,2025-04-26,CO,715.13,marketplace
TXN-00974,2025-04-26,CO,756.76,website
TXN-00975,2025-04-26,CO,758.52,website
TXN-00976,2025-04-26,CO,1026.54,website
TXN-00977,2025-04-26,FL,1357.58,website
TXN-00978,2025-04-26,TX,378.56,website
TXN-00979,2025-04-26,TX,752.18,wholesale
TXN-00980,2025-04-26,TX,752.34,website
TXN-00981,2025-04-26,TX,825.04,marketplace
TXN-00982,2025-04-26,WA,570.95,website
TXN-00983,2025-04-27,CA,616.41,wholesale
TXN-00984,2025-04-27,CO,975.84,website
TXN-00985,2025-04-27,CO,1088.40,wholesale
TXN-00986,2025-04-27,TX,374.82,website
TXN-00987,2025-04-27,TX,425.05,website
TXN-00988,2025-04-27,TX,640.63,website
TXN-00989,2025-04-27,TX,772.16,marketplace
TXN-00990,2025-04-27,WA,431.26,website
TXN-00991,2025-04-27,WA,668.81,website
TXN-00992,2025-04-28,CA,887.39,marketplace
TXN-00993,2025-04-28,CO,648.24,website
TXN-00994,2025-04-28,CO,720.29,marketplace
TXN-00995,2025-04-28,CO,1257.18,website
TXN-00996,2025-04-28,NY,936.24,marketplace
TXN-00997,2025-04-29,CO,618.15,wholesale
TXN-00998,2025-04-29,CO,999.98,website
TXN-00999,2025-04-29,CO,1013.86,website
TXN-01000,2025-04-29,TX,991.51,website
TXN-01001,2025-04-29,WA,379.24,wholesale
TXN-01002,2025-04-30,CO,465.13,wholesale
TXN-01003,2025-04-30,CO,919.87,website
TXN-01004,2025-04-30,CO,1086.41,marketplace
TXN-01005,2025-04-30,CO,1100.44,website
TXN-01006,2025-04-30,TX,821.70,website
TXN-01007,2025-04-30,TX,834.41,website
TXN-01008,2025-05-01,CA,753.30,website
TXN-01009,2025-05-01,CO,484.66,website
TXN-01010,2025-05-01,CO,570.56,website
TXN-01011,2025-05-01,CO,750.28,website
TXN-01012,2025-05-01,CO,767.69,marketplace
TXN-01013,2025-05-01,CO,865.28,website
TXN-01014,2025-05-01,CO,1001.07,website
TXN-01015,2025-05-01,CO,1124.27,website
TXN-01016,2025-05-01,CO,1147.03,website
TXN-01017,2025-05-01,CO,1192.80,wholesale
TXN-01018,2025-05-01,NY,863.18,website
TXN-01019,2025-05-01,TX,383.94,wholesale
TXN-01020,2025-05-01,TX,511.29,website
TXN-01021,2025-05-01,TX,628.60,website
TXN-01022,2025-05-01,TX,729.56,wholesale
TXN-01023,2025-05-02,CA,562.19,wholesale
TXN-01024,2025-05-02,CA,704.40,website
TXN-01025,2025-05-02,CO,835.36,website
TXN-01026,2025-05-02,CO,909.47,website
TXN-01027,2025-05-02,CO,971.01,wholesale
TXN-01028,2025-05-02,CO,1091.98,wholesale
TXN-01029,2025-05-02,TX,689.51,wholesale
TXN-01030,2025-05-02,TX,988.61,website
TXN-01031,2025-05-03,CO,575.41,wholesale
TXN-01032,2025-05-03,CO,681.98,marketplace
TXN-01033,2025-05-03,CO,757.06,marketplace
TXN-01034,2025-05-03,TX,369.04,wholesale
TXN-01035,2025-05-03,TX,981.12,website
TXN-01036,2025-05-04,CA,373.79,marketplace
TXN-01037,2025-05-04,CA,717.55,marketplace
TXN-01038,2025-05-04,CA,896.71,website
TXN-01039,2025-05-04,CA,971.95,wholesale
TXN-01040,2025-05-04,CO,495.09,website
TXN-01041,2025-05-04,CO,526.60,website
TXN-01042,2025-05-04,WA,393.08,website
TXN-01043,2025-05-05,CA,838.16,wholesale
TXN-01044,2025-05-05,CA,1025.81,website
TXN-01045,2025-05-05,CO,719.21,wholesale
TXN-01046,2025-05-05,TX,376.41,website
TXN-01047,2025-05-06,CA,719.59,website
TXN-01048,2025-05-06,CO,1250.11,website
TXN-01049,2025-05-06,FL,833.82,wholesale
TXN-01050,2025-05-06,TX,487.88,website
TXN-01051,2025-05-07,CA,471.47,wholesale
TXN-01052,2025-05-07,CA,768.65,website
TXN-01053,2025-05-07,CA,770.47,website
TXN-01054,2025-05-07,CA,862.14,website
TXN-01055,2025-05-07,CO,548.30,website
TXN-01056,2025-05-07,CO,728.96,website
TXN-01057,2025-05-07,CO,853.49,wholesale
TXN-01058,2025-05-07,CO,959.91,marketplace
TXN-01059,2025-05-07,TX,473.78,website
TXN-01060,2025-05-07,TX,484.21,website
TXN-01061,2025-05-08,CA,381.97,marketplace
TXN-01062,2025-05-08,CO,952.40,marketplace
TXN-01063,2025-05-08,CO,1126.91,website
TXN-01064,2025-05-08,CO,1277.85,website
TXN-01065,2025-05-08,FL,1318.94,wholesale
TXN-01066,2025-05-08,WA,746.86,wholesale
TXN-01067,2025-05-09,CA,609.66,marketplace
TXN-01068,2025-05-09,CA,673.57,website
TXN-01069,2025-05-09,CA,867.84,wholesale
TXN-01070,2025-05-09,CO,658.66,wholesale
TXN-01071,2025-05-09,CO,660.83,wholesale
TXN-01072,2025-05-09,CO,746.57,wholesale
TXN-01073,2025-05-09,CO,953.72,wholesale
TXN-01074,2025-05-09,NY,1736.35,wholesale
TXN-01075,2025-05-09,TX,982.89,website
TXN-01076,2025-05-10,CO,916.90,website
TXN-01077,2025-05-10,CO,918.31,website
TXN-01078,2025-05-10,CO,1047.47,wholesale
TXN-01079,2025-05-10,TX,478.67,website
TXN-01080,2025-05-10,TX,951.21,website
TXN-01081,2025-05-10,WA,529.80,wholesale
TXN-01082,2025-05-10,WA,727.53,wholesale
TXN-01083,2025-05-11,CA,739.29,website
TXN-01084,2025-05-11,CA,872.57,website
TXN-01085,2025-05-11,CO,687.79,wholesale
TXN-01086,2025-05-11,CO,879.71,website
TXN-01087,2025-05-11,CO,943.65,website
TXN-01088,2025-05-11,CO,1093.33,website
TXN-01089,2025-05-11,CO,1250.16,website
TXN-01090,2025-05-11,TX,854.02,website
TXN-01091,2025-05-11,TX,927.93,wholesale
TXN-01092,2025-05-11,WA,282.71,website
TXN-01093,2025-05-11,WA,608.52,website
TXN-01094,2025-05-12,CO,664.59,website
TXN-01095,2025-05-12,CO,1014.91,wholesale
TXN-01096,2025-05-12,CO,1065.17,website
TXN-01097,2025-05-12,NY,1714.82,website
TXN-01098,2025-05-12,WA,737.48,wholesale
TXN-01099,2025-05-13,CA,832.20,wholesale
TXN-01100,2025-05-13,CA,1007.57,website
TXN-01101,2025-05-13,CO,641.93,website
TXN-01102,2025-05-13,CO,944.57,website
TXN-01103,2025-05-13,NY,1144.46,wholesale
TXN-01104,2025-05-13,TX,701.72,marketplace
TXN-01105,2025-05-13,TX,783.78,website
TXN-01106,2025-05-13,TX,791.36,website
TXN-01107,2025-05-13,TX,819.65,marketplace
TXN-01108,2025-05-13,TX,886.42,wholesale
TXN-01109,2025-05-13,TX,952.11,website
TXN-01110,2025-05-14,CA,523.94,marketplace
TXN-01111,2025-05-14,CA,1005.38,website
TXN-01112,2025-05-14,CO,606.49,website
TXN-01113,2025-05-14,CO,637.08,website
TXN-01114,2025-05-14,CO,810.27,wholesale
TXN-01115,2025-05-14,CO,1153.54,website
TXN-01116,2025-05-14,TX,491.59,marketplace
TXN-01117,2025-05-14,TX,744.83,website
TXN-01118,2025-05-15,CA,447.18,website
TXN-01119,2025-05-15,CA,652.30,website
TXN-01120,2025-05-15,CO,821.04,website
TXN-01121,2025-05-15,CO,1118.98,website
TXN-01122,2025-05-15,CO,1127.00,wholesale
TXN-01123,2025-05-15,CO,1136.04,wholesale
TXN-01124,2025-05-15,CO,1185.79,website
TXN-01125,2025-05-15,CO,1253.68,wholesale
TXN-01126,2025-05-15,CO,1254.35,wholesale
TXN-01127,2025-05-15,CO,1273.67,website
TXN-01128,2025-05-15,FL,1282.09,website
TXN-01129,2025-05-15,TX,660.73,website
TXN-01130,2025-05-15,TX,775.45,wholesale
TXN-01131,2025-05-15,TX,796.98,website
TXN-01132,2025-05-15,TX,894.60,wholesale
TXN-01133,2025-05-16,CO,458.63,wholesale
TXN-01134,2025-05-16,CO,598.21,website
TXN-01135,2025-05-16,CO,685.85,wholesale
TXN-01136,2025-05-16,CO,776.53,marketplace
TXN-01137,2025-05-16,CO,1274.90,wholesale
TXN-01138,2025-05-16,FL,525.55,website
TXN-01139,2025-05-16,FL,1369.71,website
TXN-01140,2025-05-16,TX,423.32,website
TXN-01141,2025-05-16,TX,572.62,website
TXN-01142,2025-05-16,TX,593.57,wholesale
TXN-01143,2025-05-16,TX,809.05,wholesale
TXN-01144,2025-05-16,TX,834.88,website
TXN-01145,2025-05-16,WA,383.50,wholesale
TXN-01146,2025-05-17,CA,574.85,website
TXN-01147,2025-05-17,CO,521.01,website
TXN-01148,2025-05-17,CO,565.18,website
TXN-01149,2025-05-17,CO,614.27,wholesale
TXN-01150,2025-05-17,CO,838.90,website
TXN-01151,2025-05-17,CO,959.04,website
TXN-01152,2025-05-17,CO,998.77,website
TXN-01153,2025-05-17,CO,1337.86,marketplace
TXN-01154,2025-05-17,TX,627.50,website
TXN-01155,2025-05-17,TX,889.79,website
TXN-01156,2025-05-18,CO,673.80,wholesale
TXN-01157,2025-05-18,CO,686.98,website
TXN-01158,2025-05-18,TX,500.73,wholesale
TXN-01159,2025-05-18,TX,598.66,website
TXN-01160,2025-05-18,TX,635.32,wholesale
TXN-01161,2025-05-18,TX,999.23,marketplace
TXN-01162,2025-05-18,WA,757.04,website
TXN-01163,2025-05-19,CA,511.60,website
TXN-01164,2025-05-19,CA,649.08,website
TXN-01165,2025-05-19,CA,936.74,website
TXN-01166,2025-05-19,CA,995.77,website
TXN-01167,2025-05-19,CO,769.29,wholesale
TXN-01168,2025-05-19,CO,784.00,website
TXN-01169,2025-05-19,CO,1104.71,website
TXN-01170,2025-05-19,CO,1306.51,wholesale
TXN-01171,2025-05-19,TX,492.05,website
TXN-01172,2025-05-20,CA,434.47,website
TXN-01173,2025-05-20,CA,1018.76,marketplace
TXN-01174,2025-05-20,CO,675.88,website
TXN-01175,2025-05-20,CO,704.03,marketplace
TXN-01176,2025-05-20,CO,726.27,marketplace
TXN-01177,2025-05-20,CO,994.27,wholesale
TXN-01178,2025-05-20,CO,1066.78,marketplace
TXN-01179,2025-05-20,CO,1254.43,wholesale
TXN-01180,2025-05-20,TX,984.57,website
TXN-01181,2025-05-20,WA,512.43,marketplace
TXN-01182,2025-05-21,CO,515.29,marketplace
TXN-01183,2025-05-21,CO,818.66,wholesale
TXN-01184,2025-05-21,CO,888.86,website
TXN-01185,2025-05-21,CO,910.28,marketplace
TXN-01186,2025-05-21,CO,1280.50,website
TXN-01187,2025-05-21,TX,381.59,marketplace
TXN-01188,2025-05-21,TX,451.73,website
TXN-01189,2025-05-21,TX,586.07,wholesale
TXN-01190,2025-05-21,TX,862.15,website
TXN-01191,2025-05-22,CO,474.32,wholesale
TXN-01192,2025-05-22,CO,1185.22,wholesale
TXN-01193,2025-05-22,TX,417.01,website
TXN-01194,2025-05-23,CA,520.57,website
TXN-01195,2025-05-23,CO,1034.15,marketplace
TXN-01196,2025-05-23,CO,1087.07,website
TXN-01197,2025-05-23,CO,1188.98,wholesale
TXN-01198,2025-05-23,CO,1213.82,website
TXN-01199,2025-05-23,CO,1293.84,wholesale
TXN-01200,2025-05-23,TX,564.34,website
TXN-01201,2025-05-23,TX,886.80,marketplace
TXN-01202,2025-05-23,TX,1016.59,website
TXN-01203,2025-05-23,WA,596.63,marketplace
TXN-01204,2025-05-23,WA,751.49,website
TXN-01205,2025-05-24,CA,551.25,website
TXN-01206,2025-05-24,CA,586.42,wholesale
TXN-01207,2025-05-24,CA,616.53,wholesale
TXN-01208,2025-05-24,CA,895.96,website
TXN-01209,2025-05-24,CA,992.91,website
TXN-01210,2025-05-24,CO,497.57,website
TXN-01211,2025-05-24,CO,879.15,wholesale
TXN-01212,2025-05-24,CO,1141.92,wholesale
TXN-01213,2025-05-24,CO,1256.53,website
TXN-01214,2025-05-24,TX,424.71,website
TXN-01215,2025-05-24,TX,574.04,website
TXN-01216,2025-05-24,TX,876.00,wholesale
TXN-01217,2025-05-24,TX,891.94,website
TXN-01218,2025-05-24,TX,892.07,wholesale
TXN-01219,2025-05-24,TX,928.10,wholesale
TXN-01220,2025-05-25,CA,479.16,website
TXN-01221,2025-05-25,CA,647.61,website
TXN-01222,2025-05-25,CA,925.22,wholesale
TXN-01223,2025-05-25,CA,953.54,website
TXN-01224,2025-05-25,CO,787.21,wholesale
TXN-01225,2025-05-25,CO,1062.29,website
TXN-01226,2025-05-25,CO,1077.74,website
TXN-01227,2025-05-25,CO,1087.34,wholesale
TXN-01228,2025-05-25,CO,1198.88,website
TXN-01229,2025-05-25,TX,409.93,wholesale
TXN-01230,2025-05-25,TX,654.76,website
TXN-01231,2025-05-25,TX,776.71,website
TXN-01232,2025-05-25,TX,848.10,wholesale
TXN-01233,2025-05-25,TX,945.57,website
TXN-01234,2025-05-25,TX,964.12,website
TXN-01235,2025-05-26,CA,899.85,marketplace
TXN-01236,2025-05-26,CA,919.88,website
TXN-01237,2025-05-26,CA,949.36,website
TXN-01238,2025-05-26,CO,520.30,website
TXN-01239,2025-05-26,CO,579.77,website
TXN-01240,2025-05-26,CO,587.88,website
TXN-01241,2025-05-26,CO,871.29,marketplace
TXN-01242,2025-05-26,CO,946.55,wholesale
TXN-01243,2025-05-26,CO,1113.17,marketplace
TXN-01244,2025-05-26,TX,675.53,wholesale
TXN-01245,2025-05-26,TX,779.62,wholesale
TXN-01246,2025-05-26,TX,826.58,website
TXN-01247,2025-05-27,CA,369.91,website
TXN-01248,2025-05-27,CA,867.28,wholesale
TXN-01249,2025-05-27,CA,1045.25,website
TXN-01250,2025-05-27,CO,516.16,website
TXN-01251,2025-05-27,CO,777.77,wholesale
TXN-01252,2025-05-27,CO,1022.44,website
TXN-01253,2025-05-27,CO,1087.58,website
TXN-01254,2025-05-27,CO,1142.35,website
TXN-01255,2025-05-27,CO,1236.49,wholesale
TXN-01256,2025-05-27,TX,434.90,wholesale
TXN-01257,2025-05-27,TX,438.03,website
TXN-01258,2025-05-27,TX,748.65,website
TXN-01259,2025-05-27,TX,758.97,wholesale
TXN-01260,2025-05-27,TX,831.67,website
TXN-01261,2025-05-28,CO,717.83,website
TXN-01262,2025-05-28,CO,884.51,wholesale
TXN-01263,2025-05-28,CO,1097.35,website
TXN-01264,2025-05-28,CO,1115.07,marketplace
TXN-01265,2025-05-28,CO,1121.35,website
TXN-01266,2025-05-28,NY,1240.79,wholesale
TXN-01267,2025-05-28,NY,1846.66,wholesale
TXN-01268,2025-05-28,TX,507.00,website
TXN-01269,2025-05-28,TX,766.66,website
TXN-01270,2025-05-28,TX,945.49,website
TXN-01271,2025-05-28,WA,475.01,wholesale
TXN-01272,2025-05-29,CO,487.80,wholesale
TXN-01273,2025-05-29,CO,1071.24,wholesale
TXN-01274,2025-05-29,TX,706.68,website
TXN-01275,2025-05-29,TX,822.78,website
TXN-01276,2025-05-29,WA,506.11,marketplace
TXN-01277,2025-05-30,CA,383.22,website
TXN-01278,2025-05-30,CO,1039.42,website
TXN-01279,2025-05-30,TX,414.67,wholesale
TXN-01280,2025-05-30,TX,539.20,marketplace
TXN-01281,2025-05-30,TX,562.52,website
TXN-01282,2025-05-30,TX,866.86,website
TXN-01283,2025-05-30,TX,993.17,marketplace
TXN-01284,2025-05-31,CA,500.55,wholesale
TXN-01285,2025-05-31,CO,566.60,marketplace
TXN-01286,2025-05-31,CO,654.15,website
TXN-01287,2025-05-31,CO,706.52,website
TXN-01288,2025-05-31,CO,1085.55,website
TXN-01289,2025-05-31,CO,1236.48,website
TXN-01290,2025-05-31,FL,1035.52,website
TXN-01291,2025-05-31,NY,1025.67,website
TXN-01292,2025-05-31,TX,557.74,website
TXN-01293,2025-06-01,CO,1128.80,wholesale
TXN-01294,2025-06-01,CO,1294.12,website
TXN-01295,2025-06-01,TX,861.20,website
TXN-01296,2025-06-01,TX,1010.61,website
TXN-01297,2025-06-01,WA,742.17,wholesale
TXN-01298,2025-06-02,CO,553.51,wholesale
TXN-01299,2025-06-02,CO,920.64,marketplace
TXN-01300,2025-06-02,CO,1326.25,wholesale
TXN-01301,2025-06-02,TX,430.93,website
TXN-01302,2025-06-02,TX,892.10,website
TXN-01303,2025-06-02,TX,903.92,website
TXN-01304,2025-06-02,TX,909.89,website
TXN-01305,2025-06-02,WA,361.10,marketplace
TXN-01306,2025-06-03,CA,370.23,marketplace
TXN-01307,2025-06-03,CA,824.64,website
TXN-01308,2025-06-03,CO,612.45,website
TXN-01309,2025-06-03,CO,775.20,marketplace
TXN-01310,2025-06-03,CO,1133.75,wholesale
TXN-01311,2025-06-03,CO,1165.54,website
TXN-01312,2025-06-03,CO,1295.26,marketplace
TXN-01313,2025-06-03,TX,820.42,wholesale
TXN-01314,2025-06-03,TX,1027.64,website
TXN-01315,2025-06-03,WA,764.10,wholesale
TXN-01316,2025-06-04,CO,554.31,wholesale
TXN-01317,2025-06-04,CO,569.30,website
TXN-01318,2025-06-04,CO,730.79,wholesale
TXN-01319,2025-06-04,CO,813.05,marketplace
TXN-01320,2025-06-04,CO,852.04,marketplace
TXN-01321,2025-06-04,CO,981.38,website
TXN-01322,2025-06-04,CO,1159.66,website
TXN-01323,2025-06-04,CO,1176.71,wholesale
TXN-01324,2025-06-04,TX,509.60,website
TXN-01325,2025-06-04,TX,721.40,website
TXN-01326,2025-06-04,TX,863.83,wholesale
TXN-01327,2025-06-04,WA,290.10,website
TXN-01328,2025-06-04,WA,681.22,website
TXN-01329,2025-06-05,CA,867.62,wholesale
TXN-01330,2025-06-05,CO,536.69,website
TXN-01331,2025-06-05,CO,698.77,website
TXN-01332,2025-06-05,CO,768.91,wholesale
TXN-01333,2025-06-05,CO,897.37,website
TXN-01334,2025-06-05,CO,917.81,website
TXN-01335,2025-06-05,CO,944.98,website
TXN-01336,2025-06-05,CO,952.87,website
TXN-01337,2025-06-05,CO,1242.45,website
TXN-01338,2025-06-05,TX,663.78,website
TXN-01339,2025-06-05,TX,685.52,website
TXN-01340,2025-06-05,TX,1006.32,website
TXN-01341,2025-06-06,CA,479.07,website
TXN-01342,2025-06-06,CA,892.61,marketplace
TXN-01343,2025-06-06,CA,894.39,wholesale
TXN-01344,2025-06-06,CO,486.04,website
TXN-01345,2025-06-06,CO,517.94,website
TXN-01346,2025-06-06,CO,673.35,website
TXN-01347,2025-06-06,CO,694.11,website
TXN-01348,2025-06-06,CO,701.77,website
TXN-01349,2025-06-06,CO,723.81,website
TXN-01350,2025-06-06,CO,1241.26,website
TXN-01351,2025-06-06,CO,1322.20,website
TXN-01352,2025-06-06,TX,511.04,wholesale
TXN-01353,2025-06-06,TX,878.06,marketplace
TXN-01354,2025-06-07,CA,541.75,website
TXN-01355,2025-06-07,CO,603.79,website
TXN-01356,2025-06-07,CO,735.01,website
TXN-01357,2025-06-07,CO,1220.99,website
TXN-01358,2025-06-07,NY,1699.26,website
TXN-01359,2025-06-07,TX,464.31,marketplace
TXN-01360,2025-06-07,TX,477.95,website
TXN-01361,2025-06-07,TX,744.84,website
TXN-01362,2025-06-07,TX,902.76,website
TXN-01363,2025-06-07,TX,903.05,website
TXN-01364,2025-06-07,WA,298.08,wholesale
TXN-01365,2025-06-08,CO,523.74,wholesale
TXN-01366,2025-06-08,CO,1317.87,marketplace
TXN-01367,2025-06-08,TX,596.54,website
TXN-01368,2025-06-08,TX,748.78,website
TXN-01369,2025-06-09,CA,610.82,wholesale
TXN-01370,2025-06-09,NY,1752.65,wholesale
TXN-01371,2025-06-09,TX,370.20,website
TXN-01372,2025-06-09,TX,394.63,wholesale
TXN-01373,2025-06-09,WA,506.29,website
TXN-01374,2025-06-09,WA,566.49,website
TXN-01375,2025-06-09,WA,601.76,website
TXN-01376,2025-06-10,CA,374.22,website
TXN-01377,2025-06-10,CA,585.90,website
TXN-01378,2025-06-10,CA,928.84,website
TXN-01379,2025-06-10,CA,945.74,marketplace
TXN-01380,2025-06-10,CA,984.62,wholesale
TXN-01381,2025-06-10,CO,894.77,website
TXN-01382,2025-06-10,CO,998.70,website
TXN-01383,2025-06-10,TX,355.18,website
TXN-01384,2025-06-10,TX,521.71,website
TXN-01385,2025-06-10,TX,564.67,website
TXN-01386,2025-06-10,TX,925.54,marketplace
TXN-01387,2025-06-10,TX,1020.49,wholesale
TXN-01388,2025-06-11,CO,521.33,wholesale
TXN-01389,2025-06-11,CO,733.78,website
TXN-01390,2025-06-11,CO,807.88,website
TXN-01391,2025-06-11,CO,994.15,website
TXN-01392,2025-06-11,CO,1255.87,website
TXN-01393,2025-06-11,NY,1240.62,wholesale
TXN-01394,2025-06-12,CO,544.91,wholesale
TXN-01395,2025-06-12,CO,828.33,wholesale
TXN-01396,2025-06-12,CO,932.76,wholesale
TXN-01397,2025-06-12,CO,957.31,website
TXN-01398,2025-06-12,CO,969.80,wholesale
TXN-01399,2025-06-12,CO,1008.40,website
TXN-01400,2025-06-12,CO,1083.81,website
TXN-01401,2025-06-12,CO,1115.39,wholesale
TXN-01402,2025-06-12,TX,750.34,wholesale
TXN-01403,2025-06-12,TX,890.85,website
TXN-01404,2025-06-12,TX,909.31,wholesale
TXN-01405,2025-06-13,CA,833.89,marketplace
TXN-01406,2025-06-13,CA,879.41,wholesale
TXN-01407,2025-06-13,CO,639.54,website
TXN-01408,2025-06-13,CO,860.43,website
TXN-01409,2025-06-13,CO,972.97,website
TXN-01410,2025-06-13,CO,1109.78,website
TXN-01411,2025-06-13,TX,541.04,wholesale
TXN-01412,2025-06-13,TX,930.58,website
TXN-01413,2025-06-13,TX,938.94,website
TXN-01414,2025-06-14,CA,793.05,wholesale
TXN-01415,2025-06-14,CO,455.95,website
TXN-01416,2025-06-14,CO,555.36,website
TXN-01417,2025-06-14,CO,561.81,wholesale
TXN-01418,2025-06-14,CO,740.26,website
TXN-01419,2025-06-14,CO,743.14,wholesale
TXN-01420,2025-06-14,NY,1474.94,wholesale
TXN-01421,2025-06-14,TX,464.20,wholesale
TXN-01422,2025-06-15,CA,601.26,website
TXN-01423,2025-06-15,CO,644.57,marketplace
TXN-01424,2025-06-15,CO,1039.52,website
TXN-01425,2025-06-15,CO,1098.15,website
TXN-01426,2025-06-15,CO,1156.96,website
TXN-01427,2025-06-15,NY,1039.20,website
TXN-01428,2025-06-15,NY,1274.47,website
TXN-01429,2025-06-15,TX,479.59,website
TXN-01430,2025-06-15,TX,507.98,website
TXN-01431,2025-06-15,TX,825.06,website
TXN-01432,2025-06-15,TX,1029.38,wholesale
TXN-01433,2025-06-16,CA,536.28,website
TXN-01434,2025-06-16,CA,557.23,website
TXN-01435,2025-06-16,CO,748.12,website
TXN-01436,2025-06-16,CO,985.52,website
TXN-01437,2025-06-16,CO,1041.99,website
TXN-01438,2025-06-16,CO,1119.66,website
TXN-01439,2025-06-16,TX,719.62,website
TXN-01440,2025-06-16,TX,973.44,website
TXN-01441,2025-06-16,WA,480.10,wholesale
TXN-01442,2025-06-17,CA,856.32,website
TXN-01443,2025-06-17,CO,453.42,website
TXN-01444,2025-06-17,CO,724.19,wholesale
TXN-01445,2025-06-17,CO,862.56,wholesale
TXN-01446,2025-06-17,WA,666.36,wholesale
TXN-01447,2025-06-18,CA,1076.04,website
TXN-01448,2025-06-18,CO,475.30,website
TXN-01449,2025-06-18,CO,482.24,website
TXN-01450,2025-06-18,CO,500.18,website
TXN-01451,2025-06-18,CO,763.67,website
TXN-01452,2025-06-18,CO,916.31,wholesale
TXN-01453,2025-06-18,CO,928.96,wholesale
TXN-01454,2025-06-18,CO,1205.46,website
TXN-01455,2025-06-18,CO,1263.74,website
TXN-01456,2025-06-18,TX,539.52,website
TXN-01457,2025-06-18,TX,948.03,website
TXN-01458,2025-06-18,WA,758.60,website
TXN-01459,2025-06-19,CA,728.82,website
TXN-01460,2025-06-19,CO,1057.73,website
TXN-01461,2025-06-20,CO,489.56,wholesale
TXN-01462,2025-06-20,CO,588.36,marketplace
TXN-01463,2025-06-20,NY,1723.29,wholesale
TXN-01464,2025-06-20,TX,684.24,wholesale
TXN-01465,2025-06-20,TX,946.02,website
TXN-01466,2025-06-20,WA,403.49,website
TXN-01467,2025-06-20,WA,579.15,website
TXN-01468,2025-06-21,CA,493.30,website
TXN-01469,2025-06-21,CA,622.17,wholesale
TXN-01470,2025-06-21,CO,975.56,marketplace
TXN-01471,2025-06-21,CO,1114.90,website
TXN-01472,2025-06-21,CO,1146.77,wholesale
TXN-01473,2025-06-21,CO,1335.53,wholesale
TXN-01474,2025-06-21,TX,653.38,website
TXN-01475,2025-06-21,TX,694.34,website
TXN-01476,2025-06-21,TX,992.47,website
TXN-01477,2025-06-21,WA,735.63,website
TXN-01478,2025-06-22,CO,808.47,website
TXN-01479,2025-06-22,CO,827.05,website
TXN-01480,2025-06-22,CO,940.23,marketplace
TXN-01481,2025-06-22,CO,1165.38,wholesale
TXN-01482,2025-06-22,TX,449.60,website
TXN-01483,2025-06-22,TX,799.66,website
TXN-01484,2025-06-22,TX,829.87,website
TXN-01485,2025-06-22,TX,966.47,website
TXN-01486,2025-06-22,TX,986.61,website
TXN-01487,2025-06-22,WA,679.38,wholesale
TXN-01488,2025-06-22,WA,714.81,website
TXN-01489,2025-06-23,CO,603.53,website
TXN-01490,2025-06-23,CO,969.77,website
TXN-01491,2025-06-23,TX,551.17,wholesale
TXN-01492,2025-06-23,TX,614.58,website
TXN-01493,2025-06-23,TX,761.03,website
TXN-01494,2025-06-24,CO,879.12,website
TXN-01495,2025-06-24,CO,1040.60,wholesale
TXN-01496,2025-06-24,CO,1076.53,website
TXN-01497,2025-06-24,TX,416.29,website
TXN-01498,2025-06-24,TX,644.28,wholesale
TXN-01499,2025-06-24,WA,604.77,wholesale
TXN-01500,2025-06-25,CA,650.18,marketplace
TXN-01501,2025-06-25,CO,564.23,website
TXN-01502,2025-06-25,CO,737.78,marketplace
TXN-01503,2025-06-25,TX,536.85,website
TXN-01504,2025-06-25,TX,786.90,website
TXN-01505,2025-06-25,WA,430.73,website
TXN-01506,2025-06-25,WA,599.22,website
TXN-01507,2025-06-26,CA,405.37,website
TXN-01508,2025-06-26,CA,971.67,website
TXN-01509,2025-06-26,CO,574.49,website
TXN-01510,2025-06-26,CO,625.76,website
TXN-01511,2025-06-26,CO,859.05,website
TXN-01512,2025-06-26,CO,1157.05,website
TXN-01513,2025-06-26,CO,1180.83,website
TXN-01514,2025-06-26,CO,1243.90,website
TXN-01515,2025-06-26,NY,1842.58,wholesale
TXN-01516,2025-06-26,TX,423.89,website
TXN-01517,2025-06-26,TX,542.48,marketplace
TXN-01518,2025-06-26,TX,933.51,website
TXN-01519,2025-06-26,TX,1012.23,website
TXN-01520,2025-06-26,WA,355.25,wholesale
TXN-01521,2025-06-27,CA,924.88,website
TXN-01522,2025-06-27,CO,670.60,wholesale
TXN-01523,2025-06-27,CO,778.78,website
TXN-01524,2025-06-27,CO,943.78,wholesale
TXN-01525,2025-06-27,CO,1077.15,website
TXN-01526,2025-06-27,CO,1175.10,wholesale
TXN-01527,2025-06-27,TX,507.49,website
TXN-01528,2025-06-27,TX,531.89,marketplace
TXN-01529,2025-06-27,TX,567.58,marketplace
TXN-01530,2025-06-27,TX,863.29,website
TXN-01531,2025-06-28,CA,677.83,website
TXN-01532,2025-06-28,CA,948.11,wholesale
TXN-01533,2025-06-28,CA,1013.77,website
TXN-01534,2025-06-28,CA,1073.38,wholesale
TXN-01535,2025-06-28,CA,1076.07,website
TXN-01536,2025-06-28,CO,450.61,website
TXN-01537,2025-06-28,CO,718.11,wholesale
TXN-01538,2025-06-29,CA,505.83,website
TXN-01539,2025-06-29,CO,898.05,website
TXN-01540,2025-06-29,CO,949.65,website
TXN-01541,2025-06-29,CO,1156.25,website
TXN-01542,2025-06-29,FL,1261.08,marketplace
TXN-01543,2025-06-29,TX,578.53,wholesale
TXN-01544,2025-06-29,TX,593.60,website
TXN-01545,2025-06-29,WA,377.48,wholesale
TXN-01546,2025-06-29,WA,750.36,website
TXN-01547,2025-06-30,CA,948.18,wholesale
TXN-01548,2025-06-30,CO,733.74,website
TXN-01549,2025-06-30,CO,877.90,website
TXN-01550,2025-06-30,CO,965.90,wholesale
TXN-01551,2025-06-30,CO,1010.49,wholesale
TXN-01552,2025-06-30,CO,1148.74,website
TXN-01553,2025-06-30,TX,636.63,marketplace
TXN-01554,2025-06-30,WA,698.86,website
TXN-01555,2025-07-01,CA,918.49,wholesale
TXN-01556,2025-07-01,CO,753.73,website
TXN-01557,2025-07-01,CO,979.36,wholesale
TXN-01558,2025-07-01,CO,1269.85,wholesale
TXN-01559,2025-07-01,CO,1272.02,wholesale
TXN-01560,2025-07-01,TX,633.88,wholesale
TXN-01561,2025-07-01,TX,1028.51,website
TXN-01562,2025-07-02,CA,956.71,website
TXN-01563,2025-07-02,CA,965.67,website
TXN-01564,2025-07-02,CO,463.34,marketplace
TXN-01565,2025-07-02,CO,649.84,website
TXN-01566,2025-07-02,CO,879.23,wholesale
TXN-01567,2025-07-02,CO,1046.22,website
TXN-01568,2025-07-02,CO,1098.51,website
TXN-01569,2025-07-02,CO,1104.98,website
TXN-01570,2025-07-02,TX,563.06,website
TXN-01571,2025-07-03,CA,814.62,website
TXN-01572,2025-07-03,CO,534.90,website
TXN-01573,2025-07-03,CO,699.51,wholesale
TXN-01574,2025-07-03,CO,704.16,website
TXN-01575,2025-07-03,CO,832.34,wholesale
TXN-01576,2025-07-03,CO,1037.77,wholesale
TXN-01577,2025-07-03,CO,1324.65,website
TXN-01578,2025-07-03,TX,667.19,website
TXN-01579,2025-07-03,TX,688.43,website
TXN-01580,2025-07-03,TX,825.98,website
TXN-01581,2025-07-03,WA,272.78,wholesale
TXN-01582,2025-07-04,CO,494.94,website
TXN-01583,2025-07-04,CO,586.19,website
TXN-01584,2025-07-04,CO,617.59,wholesale
TXN-01585,2025-07-04,CO,702.59,wholesale
TXN-01586,2025-07-04,CO,1190.12,wholesale
TXN-01587,2025-07-04,WA,620.65,wholesale
TXN-01588,2025-07-05,CO,624.41,website
TXN-01589,2025-07-05,CO,702.50,website
TXN-01590,2025-07-05,TX,675.06,wholesale
TXN-01591,2025-07-06,CA,525.39,website
TXN-01592,2025-07-06,CO,593.45,website
TXN-01593,2025-07-06,CO,863.47,website
TXN-01594,2025-07-06,CO,973.80,marketplace
TXN-01595,2025-07-06,CO,1141.42,website
TXN-01596,2025-07-06,CO,1246.76,website
TXN-01597,2025-07-06,TX,368.52,website
TXN-01598,2025-07-06,TX,507.67,wholesale
TXN-01599,2025-07-07,CA,915.81,website
TXN-01600,2025-07-07,CO,613.43,website
TXN-01601,2025-07-07,CO,645.57,marketplace
TXN-01602,2025-07-07,CO,804.14,wholesale
TXN-01603,2025-07-07,CO,884.13,wholesale
TXN-01604,2025-07-07,CO,1162.89,website
TXN-01605,2025-07-07,TX,564.83,website
TXN-01606,2025-07-07,TX,703.28,website
TXN-01607,2025-07-07,TX,706.88,website
TXN-01608,2025-07-07,TX,826.50,marketplace
TXN-01609,2025-07-07,TX,905.75,marketplace
TXN-01610,2025-07-07,WA,271.84,website
TXN-01611,2025-07-07,WA,781.31,wholesale
TXN-01612,2025-07-08,CA,656.95,website
TXN-01613,2025-07-08,CA,841.32,wholesale
TXN-01614,2025-07-08,CA,870.08,wholesale
TXN-01615,2025-07-08,CO,584.10,website
TXN-01616,2025-07-08,CO,791.35,website
TXN-01617,2025-07-08,CO,793.09,wholesale
TXN-01618,2025-07-08,CO,1087.59,website
TXN-01619,2025-07-08,CO,1171.87,wholesale
TXN-01620,2025-07-08,TX,382.64,website
TXN-01621,2025-07-08,TX,429.34,wholesale
TXN-01622,2025-07-08,WA,369.67,wholesale
TXN-01623,2025-07-09,CO,472.70,website
TXN-01624,2025-07-09,CO,723.94,website
TXN-01625,2025-07-09,CO,826.62,wholesale
TXN-01626,2025-07-10,CA,627.11,website
TXN-01627,2025-07-10,CA,748.75,marketplace
TXN-01628,2025-07-10,CO,903.10,website
TXN-01629,2025-07-10,TX,487.99,wholesale
TXN-01630,2025-07-10,WA,775.42,website
TXN-01631,2025-07-11,CO,649.52,website
TXN-01632,2025-07-11,CO,705.82,wholesale
TXN-01633,2025-07-11,CO,707.78,wholesale
TXN-01634,2025-07-11,CO,1058.05,wholesale
TXN-01635,2025-07-11,TX,887.89,wholesale
TXN-01636,2025-07-11,TX,956.16,website
TXN-01637,2025-07-11,WA,535.55,website
TXN-01638,2025-07-12,CO,586.06,website
TXN-01639,2025-07-12,CO,1047.15,wholesale
TXN-01640,2025-07-12,NY,649.52,website
TXN-01641,2025-07-12,NY,1522.05,website
TXN-01642,2025-07-12,TX,930.36,website
TXN-01643,2025-07-12,WA,382.42,website
TXN-01644,2025-07-12,WA,571.90,wholesale
TXN-01645,2025-07-12,WA,657.59,website
TXN-01646,2025-07-13,CA,470.24,website
TXN-01647,2025-07-13,CA,657.93,website
TXN-01648,2025-07-13,CA,1075.67,wholesale
TXN-01649,2025-07-13,CO,587.55,wholesale
TXN-01650,2025-07-13,CO,780.38,website
TXN-01651,2025-07-13,CO,802.44,website
TXN-01652,2025-07-13,TX,347.36,website
TXN-01653,2025-07-13,TX,620.22,wholesale
TXN-01654,2025-07-13,TX,738.28,wholesale
TXN-01655,2025-07-13,TX,819.84,wholesale
TXN-01656,2025-07-13,TX,952.20,website
TXN-01657,2025-07-14,CO,453.16,website
TXN-01658,2025-07-14,CO,1213.83,wholesale
TXN-01659,2025-07-14,CO,1322.13,wholesale
TXN-01660,2025-07-14,CO,1324.48,website
TXN-01661,2025-07-14,TX,479.43,website
TXN-01662,2025-07-14,WA,405.74,marketplace
TXN-01663,2025-07-15,CO,662.48,website
TXN-01664,2025-07-15,CO,795.94,wholesale
TXN-01665,2025-07-15,CO,799.06,wholesale
TXN-01666,2025-07-15,CO,906.38,wholesale
TXN-01667,2025-07-15,CO,968.77,website
TXN-01668,2025-07-15,CO,1191.57,website
TXN-01669,2025-07-15,TX,347.17,wholesale
TXN-01670,2025-07-15,TX,890.71,wholesale
TXN-01671,2025-07-15,WA,304.25,website
TXN-01672,2025-07-15,WA,436.76,wholesale
TXN-01673,2025-07-15,WA,480.84,wholesale
TXN-01674,2025-07-15,WA,765.25,marketplace
TXN-01675,2025-07-16,CA,531.89,website
TXN-01676,2025-07-16,CA,843.13,wholesale
TXN-01677,2025-07-16,CO,671.35,website
TXN-01678,2025-07-16,CO,1047.40,website
TXN-01679,2025-07-16,NY,1876.74,website
TXN-01680,2025-07-17,CA,662.47,wholesale
TXN-01681,2025-07-17,CO,538.65,website
TXN-01682,2025-07-17,CO,559.82,website
TXN-01683,2025-07-17,CO,657.20,website
TXN-01684,2025-07-17,CO,688.70,marketplace
TXN-01685,2025-07-17,CO,1128.02,website
TXN-01686,2025-07-17,CO,1321.24,website
TXN-01687,2025-07-17,TX,413.71,website
TXN-01688,2025-07-17,TX,826.35,wholesale
TXN-01689,2025-07-17,TX,859.42,marketplace
TXN-01690,2025-07-18,CA,383.12,website
TXN-01691,2025-07-18,CO,488.05,marketplace
TXN-01692,2025-07-18,CO,722.10,wholesale
TXN-01693,2025-07-18,CO,734.12,wholesale
TXN-01694,2025-07-18,CO,967.28,website
TXN-01695,2025-07-18,CO,1160.76,website
TXN-01696,2025-07-18,CO,1301.79,website
TXN-01697,2025-07-18,TX,362.47,website
TXN-01698,2025-07-18,TX,719.95,website
TXN-01699,2025-07-19,CO,1208.45,wholesale
TXN-01700,2025-07-19,CO,1335.23,website
TXN-01701,2025-07-19,NY,1026.28,marketplace
TXN-01702,2025-07-19,TX,381.55,website
TXN-01703,2025-07-19,TX,757.67,website
TXN-01704,2025-07-20,CA,737.68,website
TXN-01705,2025-07-20,CA,988.09,website
TXN-01706,2025-07-20,CO,672.48,website
TXN-01707,2025-07-20,CO,718.57,website
TXN-01708,2025-07-20,CO,923.13,website
TXN-01709,2025-07-20,CO,1261.57,website
TXN-01710,2025-07-20,NY,1809.31,website
TXN-01711,2025-07-20,TX,412.14,website
TXN-01712,2025-07-21,CO,543.94,website
TXN-01713,2025-07-21,CO,673.97,wholesale
TXN-01714,2025-07-21,CO,789.14,website
TXN-01715,2025-07-21,CO,878.98,website
TXN-01716,2025-07-21,CO,1157.45,website
TXN-01717,2025-07-21,TX,950.65,website
TXN-01718,2025-07-22,CO,726.63,wholesale
TXN-01719,2025-07-22,CO,1077.79,wholesale
TXN-01720,2025-07-22,CO,1195.61,wholesale
TXN-01721,2025-07-22,CO,1230.49,website
TXN-01722,2025-07-22,TX,371.50,website
TXN-01723,2025-07-22,TX,987.52,wholesale
TXN-01724,2025-07-23,CA,953.20,website
TXN-01725,2025-07-23,CO,998.29,wholesale
TXN-01726,2025-07-23,CO,1181.15,website
TXN-01727,2025-07-23,CO,1335.30,wholesale
TXN-01728,2025-07-23,TX,409.17,website
TXN-01729,2025-07-23,TX,770.15,marketplace
TXN-01730,2025-07-23,TX,940.21,website
TXN-01731,2025-07-23,WA,585.69,website
TXN-01732,2025-07-24,CA,396.32,wholesale
TXN-01733,2025-07-24,CO,919.64,marketplace
TXN-01734,2025-07-24,CO,1053.46,wholesale
TXN-01735,2025-07-24,CO,1064.71,wholesale
TXN-01736,2025-07-24,NY,835.38,website
TXN-01737,2025-07-24,TX,799.72,website
TXN-01738,2025-07-24,TX,954.04,marketplace
TXN-01739,2025-07-25,CO,721.58,wholesale
TXN-01740,2025-07-25,CO,805.93,website
TXN-01741,2025-07-25,CO,886.32,marketplace
TXN-01742,2025-07-25,TX,431.78,marketplace
TXN-01743,2025-07-25,TX,582.28,website
TXN-01744,2025-07-25,TX,853.56,website
TXN-01745,2025-07-25,WA,781.06,website
TXN-01746,2025-07-26,CA,977.62,website
TXN-01747,2025-07-26,CO,1059.61,website
TXN-01748,2025-07-26,CO,1335.41,wholesale
TXN-01749,2025-07-26,TX,396.71,website
TXN-01750,2025-07-26,TX,899.97,website
TXN-01751,2025-07-27,CO,958.48,wholesale
TXN-01752,2025-07-27,CO,1322.41,website
TXN-01753,2025-07-27,TX,403.91,marketplace
TXN-01754,2025-07-27,TX,600.27,wholesale
TXN-01755,2025-07-27,WA,404.03,website
TXN-01756,2025-07-28,CA,851.96,wholesale
TXN-01757,2025-07-28,CA,892.56,wholesale
TXN-01758,2025-07-28,CO,458.17,wholesale
TXN-01759,2025-07-28,CO,570.84,marketplace
TXN-01760,2025-07-28,CO,680.79,website
TXN-01761,2025-07-28,CO,1068.34,wholesale
TXN-01762,2025-07-28,CO,1312.21,website
TXN-01763,2025-07-28,TX,485.90,website
TXN-01764,2025-07-28,WA,296.53,wholesale
TXN-01765,2025-07-28,WA,622.78,wholesale
TXN-01766,2025-07-28,WA,785.91,website
TXN-01767,2025-07-29,CO,462.36,website
TXN-01768,2025-07-29,CO,496.16,website
TXN-01769,2025-07-29,CO,518.42,website
TXN-01770,2025-07-29,CO,631.69,wholesale
TXN-01771,2025-07-29,CO,881.50,wholesale
TXN-01772,2025-07-29,CO,1169.69,marketplace
TXN-01773,2025-07-29,CO,1214.17,wholesale
TXN-01774,2025-07-29,TX,584.54,wholesale
TXN-01775,2025-07-29,TX,756.22,website
TXN-01776,2025-07-29,TX,999.01,website
TXN-01777,2025-07-30,CA,530.04,website
TXN-01778,2025-07-30,CO,852.71,website
TXN-01779,2025-07-30,CO,1149.02,website
TXN-01780,2025-07-30,TX,386.05,website
TXN-01781,2025-07-30,TX,584.44,website
TXN-01782,2025-07-31,CA,736.13,website
TXN-01783,2025-07-31,CO,607.51,website
TXN-01784,2025-07-31,CO,848.01,website
TXN-01785,2025-07-31,WA,275.60,website
TXN-01786,2025-08-01,CO,654.44,website
TXN-01787,2025-08-01,CO,1244.85,marketplace
TXN-01788,2025-08-01,TX,725.74,website
TXN-01789,2025-08-01,WA,336.00,website
TXN-01790,2025-08-02,CO,730.99,wholesale
TXN-01791,2025-08-02,CO,942.27,website
TXN-01792,2025-08-02,CO,1151.61,wholesale
TXN-01793,2025-08-02,CO,1250.08,website
TXN-01794,2025-08-02,CO,1280.70,marketplace
TXN-01795,2025-08-02,TX,615.77,wholesale
TXN-01796,2025-08-03,CO,552.91,website
TXN-01797,2025-08-03,FL,949.61,website
TXN-01798,2025-08-03,TX,353.08,website
TXN-01799,2025-08-03,TX,461.50,website
TXN-01800,2025-08-03,WA,281.92,wholesale
TXN-01801,2025-08-04,CA,475.93,wholesale
TXN-01802,2025-08-04,CA,803.40,website
TXN-01803,2025-08-04,CO,446.81,website
TXN-01804,2025-08-04,CO,520.83,website
TXN-01805,2025-08-04,CO,700.60,marketplace
TXN-01806,2025-08-04,CO,779.83,website
TXN-01807,2025-08-04,CO,806.49,marketplace
TXN-01808,2025-08-04,CO,1136.77,wholesale
TXN-01809,2025-08-04,CO,1137.54,wholesale
TXN-01810,2025-08-04,CO,1292.71,wholesale
TXN-01811,2025-08-04,TX,555.94,wholesale
TXN-01812,2025-08-04,TX,639.39,website
TXN-01813,2025-08-04,TX,652.93,website
TXN-01814,2025-08-04,TX,919.44,wholesale
TXN-01815,2025-08-05,CA,954.01,wholesale
TXN-01816,2025-08-05,CO,626.53,website
TXN-01817,2025-08-05,CO,738.92,website
TXN-01818,2025-08-05,CO,920.04,website
TXN-01819,2025-08-05,CO,989.56,website
TXN-01820,2025-08-05,CO,1040.51,wholesale
TXN-01821,2025-08-05,NY,1904.43,website
TXN-01822,2025-08-05,TX,561.64,wholesale
TXN-01823,2025-08-05,TX,659.66,website
TXN-01824,2025-08-05,TX,914.51,wholesale
TXN-01825,2025-08-06,CA,408.56,wholesale
TXN-01826,2025-08-06,CO,634.90,website
TXN-01827,2025-08-06,CO,747.51,website
TXN-01828,2025-08-06,CO,1164.09,website
TXN-01829,2025-08-06,CO,1231.84,website
TXN-01830,2025-08-06,CO,1279.39,website
TXN-01831,2025-08-06,TX,371.79,website
TXN-01832,2025-08-06,TX,602.47,marketplace
TXN-01833,2025-08-06,TX,877.61,website
TXN-01834,2025-08-06,TX,881.67,wholesale
TXN-01835,2025-08-07,CO,834.38,website
TXN-01836,2025-08-07,CO,978.99,wholesale
TXN-01837,2025-08-07,CO,1041.10,website
TXN-01838,2025-08-07,CO,1050.23,website
TXN-01839,2025-08-07,CO,1161.68,website
TXN-01840,2025-08-08,CA,397.87,website
TXN-01841,2025-08-08,CA,690.01,website
TXN-01842,2025-08-08,CA,979.65,website
TXN-01843,2025-08-08,CO,647.04,website
TXN-01844,2025-08-08,CO,654.81,website
TXN-01845,2025-08-08,CO,747.53,website
TXN-01846,2025-08-08,CO,1034.25,website
TXN-01847,2025-08-08,CO,1107.13,wholesale
TXN-01848,2025-08-08,TX,399.14,website
TXN-01849,2025-08-08,TX,591.15,website
TXN-01850,2025-08-08,TX,594.72,website
TXN-01851,2025-08-09,CA,722.27,wholesale
TXN-01852,2025-08-09,CA,1055.95,website
TXN-01853,2025-08-09,CO,654.82,website
TXN-01854,2025-08-09,TX,879.92,website
TXN-01855,2025-08-09,WA,570.96,wholesale
TXN-01856,2025-08-10,CO,577.64,website
TXN-01857,2025-08-10,CO,593.94,wholesale
TXN-01858,2025-08-10,CO,937.81,website
TXN-01859,2025-08-10,CO,1078.13,website
TXN-01860,2025-08-10,CO,1294.83,website
TXN-01861,2025-08-10,NY,777.57,marketplace
TXN-01862,2025-08-10,TX,687.99,website
TXN-01863,2025-08-10,WA,498.27,website
TXN-01864,2025-08-11,CA,674.16,website
TXN-01865,2025-08-11,CO,462.21,website
TXN-01866,2025-08-11,CO,1162.80,website
TXN-01867,2025-08-11,CO,1202.31,marketplace
TXN-01868,2025-08-11,TX,602.59,wholesale
TXN-01869,2025-08-11,TX,652.87,website
TXN-01870,2025-08-11,TX,696.47,wholesale
TXN-01871,2025-08-11,TX,935.30,website
TXN-01872,2025-08-11,WA,364.45,website
TXN-01873,2025-08-11,WA,371.92,website
TXN-01874,2025-08-12,CA,674.14,website
TXN-01875,2025-08-12,CA,903.01,website
TXN-01876,2025-08-12,CO,745.61,wholesale
TXN-01877,2025-08-12,CO,815.05,wholesale
TXN-01878,2025-08-12,CO,1203.61,website
TXN-01879,2025-08-12,CO,1221.91,wholesale
TXN-01880,2025-08-12,TX,610.51,website
TXN-01881,2025-08-12,TX,610.95,website
TXN-01882,2025-08-12,TX,744.00,marketplace
TXN-01883,2025-08-12,TX,784.62,wholesale
TXN-01884,2025-08-12,TX,1005.68,wholesale
TXN-01885,2025-08-13,CA,592.34,website
TXN-01886,2025-08-13,CO,825.40,website
TXN-01887,2025-08-13,CO,857.28,website
TXN-01888,2025-08-13,CO,932.20,website
TXN-01889,2025-08-13,CO,1049.92,website
TXN-01890,2025-08-13,TX,628.67,website
TXN-01891,2025-08-13,TX,904.78,wholesale
TXN-01892,2025-08-14,CA,873.75,website
TXN-01893,2025-08-14,CA,918.59,website
TXN-01894,2025-08-14,CA,996.43,website
TXN-01895,2025-08-14,CA,1005.46,website
TXN-01896,2025-08-14,CO,574.91,website
TXN-01897,2025-08-14,CO,875.84,wholesale
TXN-01898,2025-08-14,CO,996.24,website
TXN-01899,2025-08-14,CO,1006.34,website
TXN-01900,2025-08-14,CO,1011.93,website
TXN-01901,2025-08-14,CO,1020.57,website
TXN-01902,2025-08-14,CO,1082.44,website
TXN-01903,2025-08-14,NY,1329.93,website
TXN-01904,2025-08-14,TX,762.81,wholesale
TXN-01905,2025-08-14,TX,888.88,website
TXN-01906,2025-08-14,TX,931.63,wholesale
TXN-01907,2025-08-14,WA,498.86,wholesale
TXN-01908,2025-08-14,WA,572.51,wholesale
TXN-01909,2025-08-15,CO,1117.48,website
TXN-01910,2025-08-15,CO,1226.21,website
TXN-01911,2025-08-15,TX,430.80,website
TXN-01912,2025-08-15,TX,782.59,wholesale
TXN-01913,2025-08-15,WA,363.31,website
TXN-01914,2025-08-16,CA,1007.14,wholesale
TXN-01915,2025-08-16,CO,506.64,website
TXN-01916,2025-08-16,CO,640.05,website
TXN-01917,2025-08-16,TX,503.26,wholesale
TXN-01918,2025-08-17,CA,846.79,marketplace
TXN-01919,2025-08-17,CO,886.94,marketplace
TXN-01920,2025-08-17,CO,925.08,website
TXN-01921,2025-08-17,TX,458.97,marketplace
TXN-01922,2025-08-17,TX,602.58,website
TXN-01923,2025-08-17,TX,897.05,wholesale
TXN-01924,2025-08-17,WA,345.98,website
TXN-01925,2025-08-18,CA,389.36,wholesale
TXN-01926,2025-08-18,CA,804.04,website
TXN-01927,2025-08-18,CO,752.78,website
TXN-01928,2025-08-18,CO,1235.77,wholesale
TXN-01929,2025-08-18,TX,455.23,wholesale
TXN-01930,2025-08-18,TX,495.79,marketplace
TXN-01931,2025-08-18,TX,646.62,website
TXN-01932,2025-08-18,TX,976.88,website
TXN-01933,2025-08-18,WA,284.06,website
TXN-01934,2025-08-19,CA,870.26,website
TXN-01935,2025-08-19,CA,984.59,wholesale
TXN-01936,2025-08-19,CO,557.17,marketplace
TXN-01937,2025-08-19,CO,675.61,website
TXN-01938,2025-08-19,CO,803.32,website
TXN-01939,2025-08-19,CO,1188.14,website
TXN-01940,2025-08-19,FL,752.55,website
TXN-01941,2025-08-19,TX,768.90,wholesale
TXN-01942,2025-08-19,TX,814.18,wholesale
TXN-01943,2025-08-19,TX,834.42,marketplace
TXN-01944,2025-08-19,TX,852.29,website
TXN-01945,2025-08-19,TX,875.65,website
TXN-01946,2025-08-19,TX,1011.85,website
TXN-01947,2025-08-20,CO,486.13,wholesale
TXN-01948,2025-08-20,CO,556.89,website
TXN-01949,2025-08-20,CO,797.44,website
TXN-01950,2025-08-20,CO,850.00,website
TXN-01951,2025-08-20,CO,898.73,website
TXN-01952,2025-08-20,CO,1163.29,wholesale
TXN-01953,2025-08-20,TX,459.10,website
TXN-01954,2025-08-20,TX,686.41,wholesale
TXN-01955,2025-08-20,TX,894.57,wholesale
TXN-01956,2025-08-20,WA,503.07,website
TXN-01957,2025-08-21,CA,507.69,wholesale
TXN-01958,2025-08-21,CA,905.40,website
TXN-01959,2025-08-21,CA,1049.36,wholesale
TXN-01960,2025-08-21,CO,516.00,wholesale
TXN-01961,2025-08-21,CO,887.21,website
TXN-01962,2025-08-21,CO,996.26,website
TXN-01963,2025-08-21,CO,1025.78,website
TXN-01964,2025-08-21,TX,428.45,marketplace
TXN-01965,2025-08-21,TX,432.10,website
TXN-01966,2025-08-21,TX,693.82,wholesale
TXN-01967,2025-08-22,CA,490.85,website
TXN-01968,2025-08-22,CA,736.04,wholesale
TXN-01969,2025-08-22,CO,779.45,wholesale
TXN-01970,2025-08-22,CO,941.84,website
TXN-01971,2025-08-22,CO,976.59,website
TXN-01972,2025-08-22,TX,374.38,website
TXN-01973,2025-08-22,TX,399.73,wholesale
TXN-01974,2025-08-22,TX,987.02,website
TXN-01975,2025-08-22,WA,452.11,wholesale
TXN-01976,2025-08-23,CA,389.26,website
TXN-01977,2025-08-23,CA,560.28,wholesale
TXN-01978,2025-08-23,CO,447.01,website
TXN-01979,2025-08-23,CO,493.99,website
TXN-01980,2025-08-23,CO,1121.72,website
TXN-01981,2025-08-23,CO,1189.41,website
TXN-01982,2025-08-23,TX,361.95,website
TXN-01983,2025-08-23,TX,895.82,website
TXN-01984,2025-08-23,WA,632.64,website
TXN-01985,2025-08-24,CO,636.29,website
TXN-01986,2025-08-24,CO,653.78,website
TXN-01987,2025-08-24,CO,726.69,website
TXN-01988,2025-08-24,CO,1175.09,wholesale
TXN-01989,2025-08-24,CO,1214.53,wholesale
TXN-01990,2025-08-24,CO,1246.80,wholesale
TXN-01991,2025-08-24,CO,1290.37,website
TXN-01992,2025-08-24,CO,1290.50,website
TXN-01993,2025-08-24,TX,504.58,website
TXN-01994,2025-08-24,TX,585.41,website
TXN-01995,2025-08-24,TX,866.71,wholesale
TXN-01996,2025-08-25,CA,706.42,website
TXN-01997,2025-08-25,CA,871.05,wholesale
TXN-01998,2025-08-25,CO,555.54,website
TXN-01999,2025-08-25,CO,679.57,website
TXN-02000,2025-08-25,CO,824.64,website
TXN-02001,2025-08-25,CO,1178.31,wholesale
TXN-02002,2025-08-25,TX,696.44,website
TXN-02003,2025-08-25,TX,759.27,marketplace
TXN-02004,2025-08-25,TX,848.40,website
TXN-02005,2025-08-25,TX,865.17,website
TXN-02006,2025-08-25,TX,869.62,wholesale
TXN-02007,2025-08-25,TX,881.65,website
TXN-02008,2025-08-25,TX,906.27,website
TXN-02009,2025-08-26,CA,488.53,website
TXN-02010,2025-08-26,CO,502.31,website
TXN-02011,2025-08-26,CO,675.43,marketplace
TXN-02012,2025-08-26,CO,811.06,wholesale
TXN-02013,2025-08-26,TX,451.07,website
TXN-02014,2025-08-26,TX,936.51,website
TXN-02015,2025-08-26,TX,1004.36,website
TXN-02016,2025-08-26,TX,1006.72,website
TXN-02017,2025-08-26,WA,556.38,website
TXN-02018,2025-08-27,CO,863.07,wholesale
TXN-02019,2025-08-27,CO,1069.26,website
TXN-02020,2025-08-27,NY,1660.74,website
TXN-02021,2025-08-27,TX,793.63,wholesale
TXN-02022,2025-08-27,TX,810.66,website
TXN-02023,2025-08-28,CA,513.94,website
TXN-02024,2025-08-28,CA,604.01,wholesale
TXN-02025,2025-08-28,CO,684.25,website
TXN-02026,2025-08-28,CO,757.55,website
TXN-02027,2025-08-28,CO,888.44,wholesale
TXN-02028,2025-08-28,TX,779.23,website
TXN-02029,2025-08-28,WA,312.17,wholesale
TXN-02030,2025-08-28,WA,394.47,website
TXN-02031,2025-08-29,CO,909.85,wholesale
TXN-02032,2025-08-29,CO,1075.04,website
TXN-02033,2025-08-29,CO,1228.98,website
TXN-02034,2025-08-29,TX,475.93,website
TXN-02035,2025-08-29,WA,316.39,website
TXN-02036,2025-08-29,WA,361.19,website
TXN-02037,2025-08-30,CO,763.47,website
TXN-02038,2025-08-30,CO,945.76,wholesale
TXN-02039,2025-08-30,CO,1307.07,website
TXN-02040,2025-08-30,TX,451.27,website
TXN-02041,2025-08-31,CA,752.60,website
TXN-02042,2025-08-31,CA,887.12,website
TXN-02043,2025-08-31,CO,473.83,wholesale
TXN-02044,2025-08-31,CO,483.50,website
TXN-02045,2025-08-31,CO,570.20,website
TXN-02046,2025-08-31,CO,609.07,website
TXN-02047,2025-08-31,CO,1042.78,wholesale
TXN-02048,2025-08-31,CO,1327.89,website
TXN-02049,2025-08-31,TX,404.13,website
TXN-02050,2025-08-31,TX,632.26,website
TXN-02051,2025-08-31,TX,943.47,website
TXN-02052,2025-09-01,CA,1039.71,wholesale
TXN-02053,2025-09-01,CO,456.18,website
TXN-02054,2025-09-01,CO,512.89,website
TXN-02055,2025-09-01,CO,646.54,wholesale
TXN-02056,2025-09-01,CO,748.74,website
TXN-02057,2025-09-01,TX,676.85,wholesale
TXN-02058,2025-09-01,TX,976.49,wholesale
TXN-02059,2025-09-02,CA,460.76,wholesale
TXN-02060,2025-09-02,CO,936.67,wholesale
TXN-02061,2025-09-02,CO,1061.00,wholesale
TXN-02062,2025-09-02,TX,654.55,website
TXN-02063,2025-09-02,TX,1023.81,website
TXN-02064,2025-09-02,WA,690.35,website
TXN-02065,2025-09-02,WA,716.63,marketplace
TXN-02066,2025-09-03,CA,449.68,website
TXN-02067,2025-09-03,CA,709.96,website
TXN-02068,2025-09-03,CO,701.01,marketplace
TXN-02069,2025-09-03,CO,863.27,website
TXN-02070,2025-09-03,CO,1246.57,marketplace
TXN-02071,2025-09-03,FL,937.41,website
TXN-02072,2025-09-04,CO,453.51,marketplace
TXN-02073,2025-09-04,CO,534.15,website
TXN-02074,2025-09-04,CO,1030.47,website
TXN-02075,2025-09-04,CO,1086.27,wholesale
TXN-02076,2025-09-04,CO,1126.73,website
TXN-02077,2025-09-04,TX,362.00,wholesale
TXN-02078,2025-09-04,TX,495.04,website
TXN-02079,2025-09-04,TX,682.12,website
TXN-02080,2025-09-05,CA,1051.62,website
TXN-02081,2025-09-05,CO,556.93,wholesale
TXN-02082,2025-09-05,CO,603.15,wholesale
TXN-02083,2025-09-05,CO,1186.74,website
TXN-02084,2025-09-05,TX,362.47,website
TXN-02085,2025-09-05,TX,476.83,website
TXN-02086,2025-09-05,TX,705.75,website
TXN-02087,2025-09-05,TX,887.55,website
TXN-02088,2025-09-06,CO,593.36,wholesale
TXN-02089,2025-09-06,CO,869.71,wholesale
TXN-02090,2025-09-06,CO,1042.17,website
TXN-02091,2025-09-06,CO,1187.90,wholesale
TXN-02092,2025-09-06,CO,1299.18,website
TXN-02093,2025-09-06,FL,733.14,website
TXN-02094,2025-09-06,WA,437.92,wholesale
TXN-02095,2025-09-06,WA,553.10,website
TXN-02096,2025-09-07,CA,825.91,wholesale
TXN-02097,2025-09-07,CO,502.53,website
TXN-02098,2025-09-07,CO,570.52,website
TXN-02099,2025-09-07,CO,989.74,website
TXN-02100,2025-09-07,CO,1063.58,website
TXN-02101,2025-09-07,TX,546.66,website
TXN-02102,2025-09-07,TX,797.63,website
TXN-02103,2025-09-07,TX,855.44,website
TXN-02104,2025-09-08,CO,745.38,website
TXN-02105,2025-09-08,CO,891.25,website
TXN-02106,2025-09-08,NY,920.14,website
TXN-02107,2025-09-08,TX,755.93,website
TXN-02108,2025-09-09,CA,764.00,wholesale
TXN-02109,2025-09-09,CA,1032.89,website
TXN-02110,2025-09-09,CO,583.59,website
TXN-02111,2025-09-09,CO,602.31,website
TXN-02112,2025-09-09,CO,848.72,wholesale
TXN-02113,2025-09-09,CO,1156.51,website
TXN-02114,2025-09-09,TX,359.19,wholesale
TXN-02115,2025-09-09,TX,836.54,marketplace
TXN-02116,2025-09-09,TX,952.82,website
TXN-02117,2025-09-10,CA,675.71,website
TXN-02118,2025-09-10,CO,956.71,website
TXN-02119,2025-09-10,CO,1093.55,wholesale
TXN-02120,2025-09-10,CO,1115.96,website
TXN-02121,2025-09-10,CO,1232.50,marketplace
TXN-02122,2025-09-10,TX,523.20,wholesale
TXN-02123,2025-09-10,TX,570.46,website
TXN-02124,2025-09-10,TX,609.45,marketplace
TXN-02125,2025-09-10,TX,704.45,website
TXN-02126,2025-09-10,TX,711.50,website
TXN-02127,2025-09-10,TX,994.27,wholesale
TXN-02128,2025-09-10,WA,380.55,wholesale
TXN-02129,2025-09-11,CA,479.06,website
TXN-02130,2025-09-11,CO,630.13,website
TXN-02131,2025-09-11,CO,865.34,website
TXN-02132,2025-09-11,CO,1049.85,wholesale
TXN-02133,2025-09-11,CO,1313.59,website
TXN-02134,2025-09-11,TX,550.21,website
TXN-02135,2025-09-11,TX,554.33,website
TXN-02136,2025-09-11,TX,640.23,website
TXN-02137,2025-09-11,TX,824.54,website
TXN-02138,2025-09-11,TX,939.85,website
TXN-02139,2025-09-12,CA,416.96,website
TXN-02140,2025-09-12,CA,671.85,website
TXN-02141,2025-09-12,CA,857.10,website
TXN-02142,2025-09-12,CO,811.96,website
TXN-02143,2025-09-12,CO,975.29,website
TXN-02144,2025-09-12,CO,1063.82,website
TXN-02145,2025-09-12,TX,552.29,wholesale
TXN-02146,2025-09-12,TX,635.38,website
TXN-02147,2025-09-12,TX,1026.53,website
TXN-02148,2025-09-12,WA,587.65,marketplace
TXN-02149,2025-09-13,CA,730.95,wholesale
TXN-02150,2025-09-13,CO,447.48,website
TXN-02151,2025-09-13,CO,986.72,wholesale
TXN-02152,2025-09-13,NY,1718.98,website
TXN-02153,2025-09-13,TX,393.73,website
TXN-02154,2025-09-13,TX,601.17,website
TXN-02155,2025-09-13,TX,620.07,website
TXN-02156,2025-09-13,WA,383.90,website
TXN-02157,2025-09-14,CO,510.86,wholesale
TXN-02158,2025-09-14,CO,628.89,website
TXN-02159,2025-09-14,CO,653.47,website
TXN-02160,2025-09-14,CO,863.93,wholesale
TXN-02161,2025-09-14,CO,996.26,website
TXN-02162,2025-09-14,CO,1120.01,wholesale
TXN-02163,2025-09-14,NY,978.52,website
TXN-02164,2025-09-14,TX,420.50,website
TXN-02165,2025-09-14,TX,791.37,website
TXN-02166,2025-09-14,WA,607.03,website
TXN-02167,2025-09-15,CO,957.06,wholesale
TXN-02168,2025-09-15,CO,1057.76,wholesale
TXN-02169,2025-09-15,CO,1138.17,website
TXN-02170,2025-09-15,FL,698.17,website
TXN-02171,2025-09-15,FL,851.39,wholesale
TXN-02172,2025-09-15,FL,896.65,website
TXN-02173,2025-09-15,TX,351.38,website
TXN-02174,2025-09-15,TX,370.82,website
TXN-02175,2025-09-15,TX,530.78,website
TXN-02176,2025-09-15,TX,708.34,website
TXN-02177,2025-09-15,TX,860.72,website
TXN-02178,2025-09-15,WA,344.77,wholesale
TXN-02179,2025-09-16,CA,648.16,website
TXN-02180,2025-09-16,CA,898.84,website
TXN-02181,2025-09-16,CA,1030.72,website
TXN-02182,2025-09-16,CO,530.41,website
TXN-02183,2025-09-16,CO,671.63,marketplace
TXN-02184,2025-09-16,CO,1308.24,wholesale
TXN-02185,2025-09-16,FL,1100.29,website
TXN-02186,2025-09-16,TX,734.24,website
TXN-02187,2025-09-17,CA,832.15,wholesale
TXN-02188,2025-09-17,CO,709.16,website
TXN-02189,2025-09-17,TX,516.73,wholesale
TXN-02190,2025-09-17,TX,951.96,website
TXN-02191,2025-09-17,TX,958.25,wholesale
TXN-02192,2025-09-18,CA,407.89,marketplace
TXN-02193,2025-09-18,CO,503.96,website
TXN-02194,2025-09-18,CO,519.37,marketplace
TXN-02195,2025-09-18,CO,1224.21,wholesale
TXN-02196,2025-09-18,CO,1309.86,marketplace
TXN-02197,2025-09-18,TX,655.22,marketplace
TXN-02198,2025-09-18,TX,686.75,marketplace
TXN-02199,2025-09-18,TX,783.70,website
TXN-02200,2025-09-18,TX,903.33,website
TXN-02201,2025-09-18,TX,1025.13,wholesale
TXN-02202,2025-09-18,WA,407.31,wholesale
TXN-02203,2025-09-19,CA,369.91,wholesale
TXN-02204,2025-09-19,CA,640.49,wholesale
TXN-02205,2025-09-19,CA,737.60,wholesale
TXN-02206,2025-09-19,CO,590.70,marketplace
TXN-02207,2025-09-19,CO,731.48,website
TXN-02208,2025-09-19,CO,923.70,marketplace
TXN-02209,2025-09-19,CO,1084.67,website
TXN-02210,2025-09-19,NY,816.58,wholesale
TXN-02211,2025-09-19,NY,1188.78,marketplace
TXN-02212,2025-09-19,TX,582.64,website
TXN-02213,2025-09-19,TX,878.25,website
TXN-02214,2025-09-19,TX,1029.21,website
TXN-02215,2025-09-19,WA,316.49,website
TXN-02216,2025-09-20,CO,837.62,website
TXN-02217,2025-09-20,CO,862.79,website
TXN-02218,2025-09-20,CO,961.11,website
TXN-02219,2025-09-20,CO,973.01,wholesale
TXN-02220,2025-09-20,CO,1250.61,wholesale
TXN-02221,2025-09-20,TX,413.22,marketplace
TXN-02222,2025-09-20,TX,602.25,wholesale
TXN-02223,2025-09-20,TX,622.88,wholesale
TXN-02224,2025-09-20,TX,642.11,website
TXN-02225,2025-09-21,CO,503.06,wholesale
TXN-02226,2025-09-21,CO,656.58,website
TXN-02227,2025-09-21,CO,714.82,wholesale
TXN-02228,2025-09-21,CO,750.53,website
TXN-02229,2025-09-21,CO,919.69,website
TXN-02230,2025-09-21,CO,1061.66,wholesale
TXN-02231,2025-09-21,CO,1211.88,marketplace
TXN-02232,2025-09-21,FL,1160.23,wholesale
TXN-02233,2025-09-21,TX,523.20,website
TXN-02234,2025-09-21,WA,641.70,website
TXN-02235,2025-09-22,CA,597.68,website
TXN-02236,2025-09-22,CO,671.69,website
TXN-02237,2025-09-22,CO,977.10,wholesale
TXN-02238,2025-09-22,CO,1022.13,marketplace
TXN-02239,2025-09-22,TX,1029.55,website
TXN-02240,2025-09-23,CA,428.22,marketplace
TXN-02241,2025-09-23,CO,697.09,website
TXN-02242,2025-09-23,CO,728.52,website
TXN-02243,2025-09-23,CO,791.88,wholesale
TXN-02244,2025-09-23,TX,661.00,wholesale
TXN-02245,2025-09-23,TX,868.81,website
TXN-02246,2025-09-24,TX,563.51,wholesale
TXN-02247,2025-09-25,CA,646.27,website
TXN-02248,2025-09-25,CO,1003.83,website
TXN-02249,2025-09-25,CO,1207.79,website
TXN-02250,2025-09-25,FL,1000.61,website
TXN-02251,2025-09-25,TX,429.92,wholesale
TXN-02252,2025-09-25,TX,595.99,wholesale
TXN-02253,2025-09-25,TX,706.41,website
TXN-02254,2025-09-25,TX,1026.27,marketplace
TXN-02255,2025-09-26,CO,993.65,website
TXN-02256,2025-09-26,CO,1116.22,website
TXN-02257,2025-09-26,CO,1216.56,website
TXN-02258,2025-09-26,TX,355.68,wholesale
TXN-02259,2025-09-26,TX,495.92,website
TXN-02260,2025-09-26,TX,653.50,website
TXN-02261,2025-09-26,TX,679.03,website
TXN-02262,2025-09-26,TX,959.91,website
TXN-02263,2025-09-26,TX,971.91,website
TXN-02264,2025-09-26,WA,533.31,wholesale
TXN-02265,2025-09-27,CO,776.03,website
TXN-02266,2025-09-27,CO,1176.56,website
TXN-02267,2025-09-27,TX,439.52,wholesale
TXN-02268,2025-09-27,TX,473.84,website
TXN-02269,2025-09-27,TX,481.57,website
TXN-02270,2025-09-27,TX,490.47,website
TXN-02271,2025-09-27,TX,602.47,website
TXN-02272,2025-09-27,TX,920.44,website
TXN-02273,2025-09-27,WA,405.47,website
TXN-02274,2025-09-27,WA,786.63,website
TXN-02275,2025-09-28,CO,457.77,website
TXN-02276,2025-09-28,CO,470.57,wholesale
TXN-02277,2025-09-28,CO,569.28,website
TXN-02278,2025-09-28,CO,906.22,wholesale
TXN-02279,2025-09-28,CO,1293.89,website
TXN-02280,2025-09-28,TX,829.11,website
TXN-02281,2025-09-28,TX,919.16,website
TXN-02282,2025-09-28,WA,284.32,website
TXN-02283,2025-09-29,CA,557.83,wholesale
TXN-02284,2025-09-29,CO,813.42,website
TXN-02285,2025-09-29,CO,946.77,wholesale
TXN-02286,2025-09-29,CO,1184.72,website
TXN-02287,2025-09-29,CO,1220.43,wholesale
TXN-02288,2025-09-29,WA,433.50,website
TXN-02289,2025-09-30,CO,513.63,wholesale
TXN-02290,2025-09-30,CO,569.15,website
TXN-02291,2025-09-30,CO,723.90,website
TXN-02292,2025-09-30,CO,764.22,website
TXN-02293,2025-09-30,CO,776.13,website
TXN-02294,2025-09-30,CO,1175.47,website
TXN-02295,2025-09-30,TX,543.40,website
TXN-02296,2025-09-30,TX,659.92,website
TXN-02297,2025-09-30,TX,778.35,wholesale
TXN-02298,2025-09-30,TX,886.70,wholesale
TXN-02299,2025-09-30,TX,930.00,website
TXN-02300,2025-09-30,WA,630.43,website
TXN-02301,2025-10-01,CA,814.06,website
TXN-02302,2025-10-01,CO,811.65,wholesale
TXN-02303,2025-10-01,CO,928.45,marketplace
TXN-02304,2025-10-01,CO,980.61,website
TXN-02305,2025-10-01,CO,1120.11,website
TXN-02306,2025-10-01,TX,617.83,website
TXN-02307,2025-10-01,WA,418.54,website
TXN-02308,2025-10-02,CA,691.43,wholesale
TXN-02309,2025-10-02,CO,448.94,website
TXN-02310,2025-10-02,CO,785.99,marketplace
TXN-02311,2025-10-02,CO,1040.95,wholesale
TXN-02312,2025-10-02,CO,1114.57,website
TXN-02313,2025-10-02,CO,1191.05,website
TXN-02314,2025-10-02,FL,691.77,wholesale
TXN-02315,2025-10-02,TX,544.18,wholesale
TXN-02316,2025-10-02,TX,559.46,website
TXN-02317,2025-10-02,TX,756.88,wholesale
TXN-02318,2025-10-02,TX,968.06,wholesale
TXN-02319,2025-10-02,TX,1016.85,website
TXN-02320,2025-10-02,WA,478.83,marketplace
TXN-02321,2025-10-02,WA,757.68,website
TXN-02322,2025-10-03,CA,865.56,wholesale
TXN-02323,2025-10-03,CA,866.56,wholesale
TXN-02324,2025-10-03,CA,1090.91,website
TXN-02325,2025-10-03,CO,583.25,wholesale
TXN-02326,2025-10-03,CO,1288.96,website
TXN-02327,2025-10-03,CO,1293.18,website
TXN-02328,2025-10-03,CO,1321.63,website
TXN-02329,2025-10-03,TX,449.17,website
TXN-02330,2025-10-03,TX,651.85,website
TXN-02331,2025-10-03,WA,315.35,website
TXN-02332,2025-10-03,WA,433.40,website
TXN-02333,2025-10-03,WA,515.17,wholesale
TXN-02334,2025-10-04,CO,459.88,website
TXN-02335,2025-10-04,CO,1170.93,wholesale
TXN-02336,2025-10-04,FL,1251.83,wholesale
TXN-02337,2025-10-04,TX,446.82,website
TXN-02338,2025-10-04,TX,919.92,website
TXN-02339,2025-10-04,WA,273.35,website
TXN-02340,2025-10-05,CA,526.87,website
TXN-02341,2025-10-05,CA,788.49,website
TXN-02342,2025-10-05,CA,1015.22,website
TXN-02343,2025-10-05,CO,466.34,website
TXN-02344,2025-10-05,CO,635.15,website
TXN-02345,2025-10-05,WA,270.53,website
TXN-02346,2025-10-05,WA,611.16,wholesale
TXN-02347,2025-10-05,WA,692.02,marketplace
TXN-02348,2025-10-06,CA,989.14,wholesale
TXN-02349,2025-10-06,CO,491.87,website
TXN-02350,2025-10-06,CO,1319.76,website
TXN-02351,2025-10-06,FL,1240.06,wholesale
TXN-02352,2025-10-06,TX,481.34,website
TXN-02353,2025-10-06,TX,628.69,website
TXN-02354,2025-10-06,TX,678.69,website
TXN-02355,2025-10-06,TX,709.59,wholesale
TXN-02356,2025-10-06,TX,980.11,website
TXN-02357,2025-10-07,CA,506.58,website
TXN-02358,2025-10-07,CO,566.59,wholesale
TXN-02359,2025-10-07,CO,639.39,website
TXN-02360,2025-10-07,CO,811.66,website
TXN-02361,2025-10-07,CO,1062.79,website
TXN-02362,2025-10-07,CO,1162.60,wholesale
TXN-02363,2025-10-07,WA,762.12,website
TXN-02364,2025-10-08,CA,685.41,website
TXN-02365,2025-10-08,CA,948.89,website
TXN-02366,2025-10-08,CO,729.24,website
TXN-02367,2025-10-08,CO,747.07,wholesale
TXN-02368,2025-10-08,CO,824.87,website
TXN-02369,2025-10-08,CO,897.66,website
TXN-02370,2025-10-08,CO,1036.40,website
TXN-02371,2025-10-08,CO,1089.21,marketplace
TXN-02372,2025-10-08,CO,1283.42,marketplace
TXN-02373,2025-10-08,TX,510.67,website
TXN-02374,2025-10-08,TX,702.44,wholesale
TXN-02375,2025-10-08,WA,527.12,website
TXN-02376,2025-10-09,CA,785.67,website
TXN-02377,2025-10-09,CA,1021.63,wholesale
TXN-02378,2025-10-09,CO,601.20,website
TXN-02379,2025-10-09,CO,612.40,wholesale
TXN-02380,2025-10-09,CO,782.65,website
TXN-02381,2025-10-09,TX,650.43,website
TXN-02382,2025-10-09,TX,691.17,wholesale
TXN-02383,2025-10-09,TX,741.42,wholesale
TXN-02384,2025-10-09,TX,758.92,website
TXN-02385,2025-10-09,TX,844.46,website
TXN-02386,2025-10-09,WA,408.68,website
TXN-02387,2025-10-10,CA,511.76,wholesale
TXN-02388,2025-10-10,CA,526.59,website
TXN-02389,2025-10-10,CA,837.37,website
TXN-02390,2025-10-10,CO,943.13,website
TXN-02391,2025-10-10,CO,973.36,website
TXN-02392,2025-10-10,CO,1079.83,wholesale
TXN-02393,2025-10-10,FL,679.63,website
TXN-02394,2025-10-10,WA,384.30,website
TXN-02395,2025-10-11,CA,630.62,wholesale
TXN-02396,2025-10-11,CA,708.39,website
TXN-02397,2025-10-11,CO,936.13,website
TXN-02398,2025-10-11,NY,1802.00,wholesale
TXN-02399,2025-10-11,TX,681.58,website
TXN-02400,2025-10-11,TX,838.98,website
TXN-02401,2025-10-11,TX,974.83,website
TXN-02402,2025-10-11,TX,1008.71,website
TXN-02403,2025-10-11,WA,659.68,website
TXN-02404,2025-10-12,CA,904.81,wholesale
TXN-02405,2025-10-12,CO,699.77,wholesale
TXN-02406,2025-10-12,CO,824.59,website
TXN-02407,2025-10-12,CO,935.95,website
TXN-02408,2025-10-12,CO,1100.11,website
TXN-02409,2025-10-12,CO,1281.03,marketplace
TXN-02410,2025-10-12,TX,530.99,website
TXN-02411,2025-10-12,WA,740.03,website
TXN-02412,2025-10-13,CO,618.45,wholesale
TXN-02413,2025-10-13,CO,908.74,wholesale
TXN-02414,2025-10-13,TX,532.90,website
TXN-02415,2025-10-13,TX,750.83,website
TXN-02416,2025-10-13,WA,685.04,website
TXN-02417,2025-10-14,CA,537.01,website
TXN-02418,2025-10-14,CA,987.09,marketplace
TXN-02419,2025-10-14,CO,723.94,website
TXN-02420,2025-10-14,CO,779.96,website
TXN-02421,2025-10-14,CO,1093.33,website
TXN-02422,2025-10-14,CO,1119.40,website
TXN-02423,2025-10-14,CO,1248.72,website
TXN-02424,2025-10-14,TX,409.51,website
TXN-02425,2025-10-14,WA,541.82,website
TXN-02426,2025-10-14,WA,632.09,wholesale
TXN-02427,2025-10-15,CA,882.54,website
TXN-02428,2025-10-15,CO,482.52,website
TXN-02429,2025-10-15,CO,554.22,website
TXN-02430,2025-10-15,CO,638.55,website
TXN-02431,2025-10-15,CO,871.35,website
TXN-02432,2025-10-15,CO,1151.85,website
TXN-02433,2025-10-15,TX,653.69,wholesale
TXN-02434,2025-10-15,TX,912.34,wholesale
TXN-02435,2025-10-15,TX,995.11,website
TXN-02436,2025-10-16,CA,637.31,marketplace
TXN-02437,2025-10-16,CA,682.41,website
TXN-02438,2025-10-16,CA,954.04,wholesale
TXN-02439,2025-10-16,CO,480.74,website
TXN-02440,2025-10-16,CO,813.40,wholesale
TXN-02441,2025-10-16,CO,1277.79,website
TXN-02442,2025-10-16,NY,1142.10,website
TXN-02443,2025-10-16,TX,365.96,wholesale
TXN-02444,2025-10-16,TX,772.94,marketplace
TXN-02445,2025-10-16,TX,814.71,wholesale
TXN-02446,2025-10-16,TX,994.66,website
TXN-02447,2025-10-17,CO,456.91,website
TXN-02448,2025-10-17,CO,469.03,wholesale
TXN-02449,2025-10-17,CO,1323.07,website
TXN-02450,2025-10-17,TX,452.92,website
TXN-02451,2025-10-17,TX,518.49,wholesale
TXN-02452,2025-10-17,TX,635.68,website
TXN-02453,2025-10-17,TX,796.68,website
TXN-02454,2025-10-17,TX,940.75,marketplace
TXN-02455,2025-10-18,CA,731.40,wholesale
TXN-02456,2025-10-18,CO,902.99,website
TXN-02457,2025-10-18,CO,1137.06,wholesale
TXN-02458,2025-10-18,TX,364.74,marketplace
TXN-02459,2025-10-18,TX,515.60,wholesale
TXN-02460,2025-10-18,TX,694.43,website
TXN-02461,2025-10-18,TX,782.35,marketplace
TXN-02462,2025-10-18,TX,839.55,marketplace
TXN-02463,2025-10-18,TX,854.12,website
TXN-02464,2025-10-19,CA,735.51,website
TXN-02465,2025-10-19,CA,995.79,website
TXN-02466,2025-10-19,CA,1098.76,website
TXN-02467,2025-10-19,CO,1057.71,website
TXN-02468,2025-10-19,CO,1061.09,website
TXN-02469,2025-10-19,CO,1205.48,website
TXN-02470,2025-10-19,CO,1258.20,website
TXN-02471,2025-10-19,CO,1275.36,wholesale
TXN-02472,2025-10-19,TX,352.40,website
TXN-02473,2025-10-19,TX,489.97,wholesale
TXN-02474,2025-10-19,TX,538.42,wholesale
TXN-02475,2025-10-19,TX,541.94,wholesale
TXN-02476,2025-10-19,TX,894.14,website
TXN-02477,2025-10-20,CO,579.90,website
TXN-02478,2025-10-20,CO,1080.89,website
TXN-02479,2025-10-20,CO,1095.51,wholesale
TXN-02480,2025-10-20,TX,444.12,website
TXN-02481,2025-10-20,TX,509.59,website
TXN-02482,2025-10-20,TX,664.62,website
TXN-02483,2025-10-20,TX,723.88,website
TXN-02484,2025-10-20,TX,865.58,wholesale
TXN-02485,2025-10-20,TX,866.32,wholesale
TXN-02486,2025-10-20,TX,947.55,website
TXN-02487,2025-10-21,CA,433.15,marketplace
TXN-02488,2025-10-21,CA,546.37,website
TXN-02489,2025-10-21,CA,1035.28,wholesale
TXN-02490,2025-10-21,CO,697.21,website
TXN-02491,2025-10-21,CO,711.96,wholesale
TXN-02492,2025-10-21,CO,934.72,website
TXN-02493,2025-10-21,CO,1212.88,website
TXN-02494,2025-10-21,CO,1335.66,website
TXN-02495,2025-10-21,TX,457.92,website
TXN-02496,2025-10-21,TX,751.09,wholesale
TXN-02497,2025-10-21,WA,769.70,website
TXN-02498,2025-10-22,CA,576.73,website
TXN-02499,2025-10-22,CA,806.64,wholesale
TXN-02500,2025-10-22,CA,908.23,website
TXN-02501,2025-10-22,CO,753.98,website
TXN-02502,2025-10-22,CO,1128.77,wholesale
TXN-02503,2025-10-22,CO,1285.94,website
TXN-02504,2025-10-22,TX,603.65,website
TXN-02505,2025-10-22,TX,659.51,website
TXN-02506,2025-10-22,TX,719.38,wholesale
TXN-02507,2025-10-22,TX,804.71,website
TXN-02508,2025-10-22,WA,493.03,website
TXN-02509,2025-10-23,CA,941.01,marketplace
TXN-02510,2025-10-23,CO,689.40,website
TXN-02511,2025-10-23,CO,1004.42,website
TXN-02512,2025-10-23,NY,1311.90,wholesale
TXN-02513,2025-10-23,TX,659.84,website
TXN-02514,2025-10-24,CA,694.63,website
TXN-02515,2025-10-24,CA,792.68,wholesale
TXN-02516,2025-10-24,CA,829.65,wholesale
TXN-02517,2025-10-24,CO,471.31,website
TXN-02518,2025-10-24,CO,583.26,website
TXN-02519,2025-10-24,CO,610.06,wholesale
TXN-02520,2025-10-24,CO,811.54,website
TXN-02521,2025-10-24,CO,977.76,website
TXN-02522,2025-10-24,CO,1156.52,website
TXN-02523,2025-10-24,FL,1111.00,website
TXN-02524,2025-10-24,WA,567.50,wholesale
TXN-02525,2025-10-25,CA,436.59,website
TXN-02526,2025-10-25,CA,503.51,wholesale
TXN-02527,2025-10-25,CA,692.82,website
TXN-02528,2025-10-25,CO,560.15,marketplace
TXN-02529,2025-10-25,CO,926.91,website
TXN-02530,2025-10-25,CO,955.23,wholesale
TXN-02531,2025-10-25,CO,1023.98,wholesale
TXN-02532,2025-10-25,TX,461.96,website
TXN-02533,2025-10-25,TX,812.20,wholesale
TXN-02534,2025-10-25,TX,990.39,website
TXN-02535,2025-10-26,CA,549.30,marketplace
TXN-02536,2025-10-26,CO,716.48,website
TXN-02537,2025-10-26,CO,799.70,marketplace
TXN-02538,2025-10-26,CO,985.40,wholesale
TXN-02539,2025-10-26,TX,632.59,wholesale
TXN-02540,2025-10-26,TX,865.19,website
TXN-02541,2025-10-27,CA,634.73,website
TXN-02542,2025-10-27,NY,1886.52,wholesale
TXN-02543,2025-10-27,TX,924.90,website
TXN-02544,2025-10-27,WA,475.25,wholesale
TXN-02545,2025-10-28,CA,467.33,website
TXN-02546,2025-10-28,CA,516.26,website
TXN-02547,2025-10-28,CA,570.07,wholesale
TXN-02548,2025-10-28,CO,1014.42,website
TXN-02549,2025-10-28,CO,1015.72,website
TXN-02550,2025-10-28,TX,604.19,marketplace
TXN-02551,2025-10-28,TX,720.97,website
TXN-02552,2025-10-28,WA,694.72,website
TXN-02553,2025-10-29,CA,533.85,website
TXN-02554,2025-10-29,CO,879.94,website
TXN-02555,2025-10-29,CO,982.66,wholesale
TXN-02556,2025-10-29,CO,1007.61,website
TXN-02557,2025-10-29,FL,1168.16,website
TXN-02558,2025-10-29,TX,469.87,website
TXN-02559,2025-10-29,TX,543.35,website
TXN-02560,2025-10-29,TX,569.86,website
TXN-02561,2025-10-29,WA,347.69,website
TXN-02562,2025-10-30,CA,670.02,wholesale
TXN-02563,2025-10-30,CO,482.05,website
TXN-02564,2025-10-30,CO,514.06,website
TXN-02565,2025-10-30,CO,993.38,website
TXN-02566,2025-10-30,CO,1033.96,website
TXN-02567,2025-10-30,CO,1181.33,website
TXN-02568,2025-10-30,CO,1329.14,wholesale
TXN-02569,2025-10-30,TX,675.20,website
TXN-02570,2025-10-30,TX,960.26,website
TXN-02571,2025-10-30,WA,399.84,wholesale
TXN-02572,2025-10-30,WA,680.65,wholesale
TXN-02573,2025-10-31,CA,724.44,website
TXN-02574,2025-10-31,CO,845.09,wholesale
TXN-02575,2025-10-31,CO,949.42,website
TXN-02576,2025-10-31,CO,1090.43,wholesale
TXN-02577,2025-10-31,CO,1305.91,wholesale
TXN-02578,2025-10-31,TX,369.03,website
TXN-02579,2025-11-01,CO,716.14,wholesale
TXN-02580,2025-11-01,CO,722.63,website
TXN-02581,2025-11-01,CO,776.51,wholesale
TXN-02582,2025-11-01,CO,1032.49,website
TXN-02583,2025-11-01,CO,1286.82,website
TXN-02584,2025-11-01,TX,503.03,website
TXN-02585,2025-11-01,TX,565.15,wholesale
TXN-02586,2025-11-01,TX,973.80,website
TXN-02587,2025-11-02,CO,563.30,website
TXN-02588,2025-11-02,CO,687.05,website
TXN-02589,2025-11-02,CO,1008.30,website
TXN-02590,2025-11-02,TX,346.42,website
TXN-02591,2025-11-02,TX,580.58,website
TXN-02592,2025-11-02,TX,626.26,website
TXN-02593,2025-11-02,TX,706.41,wholesale
TXN-02594,2025-11-02,TX,730.74,website
TXN-02595,2025-11-03,CA,705.09,wholesale
TXN-02596,2025-11-03,CA,1077.31,wholesale
TXN-02597,2025-11-03,CO,1121.75,website
TXN-02598,2025-11-03,CO,1214.22,website
TXN-02599,2025-11-03,CO,1254.50,website
TXN-02600,2025-11-03,WA,586.06,website
TXN-02601,2025-11-04,CA,1044.47,website
TXN-02602,2025-11-04,CO,602.56,wholesale
TXN-02603,2025-11-04,CO,816.87,website
TXN-02604,2025-11-04,CO,1055.83,marketplace
TXN-02605,2025-11-04,CO,1147.63,wholesale
TXN-02606,2025-11-04,CO,1288.46,website
TXN-02607,2025-11-04,CO,1301.69,wholesale
TXN-02608,2025-11-04,TX,461.20,website
TXN-02609,2025-11-04,TX,829.20,marketplace
TXN-02610,2025-11-04,TX,897.48,website
TXN-02611,2025-11-05,CA,1076.19,wholesale
TXN-02612,2025-11-05,CO,462.21,website
TXN-02613,2025-11-05,CO,650.04,website
TXN-02614,2025-11-05,CO,1052.13,website
TXN-02615,2025-11-05,CO,1074.12,website
TXN-02616,2025-11-05,CO,1111.72,website
TXN-02617,2025-11-05,CO,1208.13,website
TXN-02618,2025-11-05,TX,686.29,marketplace
TXN-02619,2025-11-06,CA,649.96,website
TXN-02620,2025-11-06,CO,699.02,wholesale
TXN-02621,2025-11-06,CO,713.36,wholesale
TXN-02622,2025-11-06,CO,1061.47,website
TXN-02623,2025-11-06,TX,507.07,website
TXN-02624,2025-11-06,TX,701.07,website
TXN-02625,2025-11-06,TX,925.79,website
TXN-02626,2025-11-06,WA,273.85,website
TXN-02627,2025-11-07,CA,1031.92,wholesale
TXN-02628,2025-11-07,FL,738.66,website
TXN-02629,2025-11-07,TX,442.38,website
TXN-02630,2025-11-07,TX,569.86,website
TXN-02631,2025-11-07,TX,856.69,wholesale
TXN-02632,2025-11-08,CA,433.00,website
TXN-02633,2025-11-08,CA,729.24,website
TXN-02634,2025-11-08,CO,452.23,marketplace
TXN-02635,2025-11-08,CO,458.11,website
TXN-02636,2025-11-08,CO,740.24,wholesale
TXN-02637,2025-11-08,CO,796.33,wholesale
TXN-02638,2025-11-08,CO,895.84,website
TXN-02639,2025-11-08,TX,506.67,website
TXN-02640,2025-11-08,TX,978.68,website
TXN-02641,2025-11-09,CA,559.29,website
TXN-02642,2025-11-09,CA,743.66,wholesale
TXN-02643,2025-11-09,CO,713.28,website
TXN-02644,2025-11-09,CO,762.85,website
TXN-02645,2025-11-09,CO,909.74,wholesale
TXN-02646,2025-11-09,CO,1020.07,wholesale
TXN-02647,2025-11-09,CO,1029.83,website
TXN-02648,2025-11-09,CO,1089.18,website
TXN-02649,2025-11-09,CO,1207.90,website
TXN-02650,2025-11-09,CO,1231.01,website
TXN-02651,2025-11-09,TX,428.85,website
TXN-02652,2025-11-09,TX,507.90,website
TXN-02653,2025-11-09,TX,816.18,website
TXN-02654,2025-11-09,TX,847.43,website
TXN-02655,2025-11-09,TX,962.10,website
TXN-02656,2025-11-10,CO,451.53,website
TXN-02657,2025-11-10,CO,493.47,marketplace
TXN-02658,2025-11-10,CO,614.25,marketplace
TXN-02659,2025-11-10,CO,614.59,website
TXN-02660,2025-11-10,CO,682.47,wholesale
TXN-02661,2025-11-10,TX,489.02,wholesale
TXN-02662,2025-11-11,CA,1059.52,website
TXN-02663,2025-11-11,CO,881.75,wholesale
TXN-02664,2025-11-11,CO,961.66,wholesale
TXN-02665,2025-11-11,FL,690.10,website
TXN-02666,2025-11-11,TX,398.72,marketplace
TXN-02667,2025-11-11,TX,609.21,website
TXN-02668,2025-11-12,CO,475.22,website
TXN-02669,2025-11-12,CO,510.33,website
TXN-02670,2025-11-12,WA,647.69,marketplace
TXN-02671,2025-11-12,WA,683.86,website
TXN-02672,2025-11-13,CA,476.11,marketplace
TXN-02673,2025-11-13,CA,681.80,wholesale
TXN-02674,2025-11-13,CO,631.13,wholesale
TXN-02675,2025-11-13,CO,813.54,wholesale
TXN-02676,2025-11-13,CO,981.77,website
TXN-02677,2025-11-13,NY,665.75,website
TXN-02678,2025-11-13,NY,1650.02,website
TXN-02679,2025-11-13,TX,438.88,website
TXN-02680,2025-11-13,TX,758.98,website
TXN-02681,2025-11-13,WA,329.25,marketplace
TXN-02682,2025-11-13,WA,413.48,website
TXN-02683,2025-11-14,CA,973.73,wholesale
TXN-02684,2025-11-14,CO,485.93,website
TXN-02685,2025-11-14,CO,556.97,marketplace
TXN-02686,2025-11-14,CO,994.40,marketplace
TXN-02687,2025-11-14,CO,1074.22,wholesale
TXN-02688,2025-11-14,CO,1196.26,website
TXN-02689,2025-11-14,WA,610.40,website
TXN-02690,2025-11-15,CO,539.59,wholesale
TXN-02691,2025-11-15,CO,569.87,website
TXN-02692,2025-11-15,CO,871.70,website
TXN-02693,2025-11-15,CO,970.11,wholesale
TXN-02694,2025-11-15,CO,1256.17,website
TXN-02695,2025-11-16,CA,927.66,website
TXN-02696,2025-11-16,CO,738.51,website
TXN-02697,2025-11-16,NY,1247.68,wholesale
TXN-02698,2025-11-16,TX,663.70,wholesale
TXN-02699,2025-11-16,TX,702.49,website
TXN-02700,2025-11-16,TX,967.80,website
TXN-02701,2025-11-17,CA,726.95,wholesale
TXN-02702,2025-11-17,CA,887.51,website
TXN-02703,2025-11-17,CO,524.06,website
TXN-02704,2025-11-17,CO,612.73,wholesale
TXN-02705,2025-11-17,CO,859.10,website
TXN-02706,2025-11-17,CO,885.27,wholesale
TXN-02707,2025-11-17,CO,1007.92,website
TXN-02708,2025-11-17,CO,1133.84,website
TXN-02709,2025-11-17,CO,1219.17,marketplace
TXN-02710,2025-11-17,TX,423.03,website
TXN-02711,2025-11-17,TX,752.14,wholesale
TXN-02712,2025-11-17,TX,970.03,website
TXN-02713,2025-11-18,CA,574.72,website
TXN-02714,2025-11-18,CO,1105.13,website
TXN-02715,2025-11-18,CO,1114.58,website
TXN-02716,2025-11-18,CO,1262.48,wholesale
TXN-02717,2025-11-18,TX,517.66,website
TXN-02718,2025-11-18,TX,770.40,website
TXN-02719,2025-11-18,TX,837.49,website
TXN-02720,2025-11-19,CO,582.97,website
TXN-02721,2025-11-19,CO,644.74,website
TXN-02722,2025-11-19,CO,686.77,website
TXN-02723,2025-11-19,WA,672.59,website
TXN-02724,2025-11-20,CO,463.51,website
TXN-02725,2025-11-20,CO,541.62,wholesale
TXN-02726,2025-11-20,CO,573.00,website
TXN-02727,2025-11-20,CO,717.94,website
TXN-02728,2025-11-20,CO,1017.14,website
TXN-02729,2025-11-20,CO,1211.11,website
TXN-02730,2025-11-20,TX,368.62,wholesale
TXN-02731,2025-11-20,WA,452.13,marketplace
TXN-02732,2025-11-21,CA,570.82,website
TXN-02733,2025-11-21,CA,1048.53,marketplace
TXN-02734,2025-11-21,CO,446.61,website
TXN-02735,2025-11-21,CO,747.71,wholesale
TXN-02736,2025-11-21,CO,1198.88,website
TXN-02737,2025-11-21,CO,1310.57,website
TXN-02738,2025-11-21,TX,358.28,website
TXN-02739,2025-11-22,CO,598.79,wholesale
TXN-02740,2025-11-22,CO,737.34,website
TXN-02741,2025-11-22,CO,773.01,wholesale
TXN-02742,2025-11-22,FL,561.69,website
TXN-02743,2025-11-23,CA,573.06,website
TXN-02744,2025-11-23,CO,477.74,website
TXN-02745,2025-11-23,CO,493.80,website
TXN-02746,2025-11-23,CO,814.06,website
TXN-02747,2025-11-23,TX,488.20,wholesale
TXN-02748,2025-11-23,TX,731.06,website
TXN-02749,2025-11-23,TX,1008.07,wholesale
TXN-02750,2025-11-23,WA,378.82,website
TXN-02751,2025-11-23,WA,741.80,website
TXN-02752,2025-11-24,CA,657.08,website
TXN-02753,2025-11-24,CA,812.93,website
TXN-02754,2025-11-24,CO,514.52,website
TXN-02755,2025-11-24,CO,1001.91,wholesale
TXN-02756,2025-11-24,CO,1069.26,website
TXN-02757,2025-11-24,CO,1154.76,wholesale
TXN-02758,2025-11-24,TX,530.50,website
TXN-02759,2025-11-24,TX,948.77,marketplace
TXN-02760,2025-11-24,WA,574.27,website
TXN-02761,2025-11-25,CA,792.81,wholesale
TXN-02762,2025-11-25,CA,997.72,website
TXN-02763,2025-11-25,NY,860.07,website
TXN-02764,2025-11-25,TX,427.75,wholesale
TXN-02765,2025-11-25,TX,692.63,wholesale
TXN-02766,2025-11-26,CO,732.60,website
TXN-02767,2025-11-26,CO,822.95,website
TXN-02768,2025-11-26,CO,1185.16,wholesale
TXN-02769,2025-11-26,NY,897.31,website
TXN-02770,2025-11-26,TX,629.46,website
TXN-02771,2025-11-27,CA,410.71,wholesale
TXN-02772,2025-11-27,CA,511.78,website
TXN-02773,2025-11-27,CA,860.56,website
TXN-02774,2025-11-27,CO,552.97,website
TXN-02775,2025-11-27,CO,614.62,wholesale
TXN-02776,2025-11-27,CO,687.36,wholesale
TXN-02777,2025-11-27,CO,778.45,website
TXN-02778,2025-11-27,CO,885.32,website
TXN-02779,2025-11-27,CO,958.51,website
TXN-02780,2025-11-27,CO,1180.21,wholesale
TXN-02781,2025-11-27,CO,1256.52,wholesale
TXN-02782,2025-11-27,TX,420.96,website
TXN-02783,2025-11-27,TX,466.68,website
TXN-02784,2025-11-27,TX,505.45,website
TXN-02785,2025-11-27,TX,637.43,marketplace
TXN-02786,2025-11-27,TX,844.88,website
TXN-02787,2025-11-27,TX,915.32,wholesale
TXN-02788,2025-11-27,TX,957.07,website
TXN-02789,2025-11-28,CA,652.26,website
TXN-02790,2025-11-28,CA,1030.78,wholesale
TXN-02791,2025-11-28,CO,450.30,website
TXN-02792,2025-11-28,CO,741.70,marketplace
TXN-02793,2025-11-28,CO,831.17,website
TXN-02794,2025-11-28,CO,971.97,marketplace
TXN-02795,2025-11-28,CO,1004.93,website
TXN-02796,2025-11-28,CO,1235.05,website
TXN-02797,2025-11-28,TX,635.06,website
TXN-02798,2025-11-28,TX,745.98,website
TXN-02799,2025-11-28,WA,711.01,website
TXN-02800,2025-11-29,CO,586.07,website
TXN-02801,2025-11-29,CO,1069.09,website
TXN-02802,2025-11-29,CO,1282.05,website
TXN-02803,2025-11-30,CA,366.93,marketplace
TXN-02804,2025-11-30,CA,502.24,website
TXN-02805,2025-11-30,CA,1029.42,website
TXN-02806,2025-11-30,CO,542.25,website
TXN-02807,2025-11-30,CO,553.82,website
TXN-02808,2025-11-30,CO,581.70,website
TXN-02809,2025-11-30,FL,1149.14,website
TXN-02810,2025-11-30,TX,410.02,website
TXN-02811,2025-11-30,WA,709.86,marketplace
TXN-02812,2025-11-30,WA,766.11,website
TXN-02813,2025-12-01,CA,458.67,website
TXN-02814,2025-12-01,CO,701.93,website
TXN-02815,2025-12-01,CO,762.55,wholesale
TXN-02816,2025-12-01,CO,943.91,wholesale
TXN-02817,2025-12-01,CO,1027.87,website
TXN-02818,2025-12-01,CO,1169.57,website
TXN-02819,2025-12-01,CO,1339.18,wholesale
TXN-02820,2025-12-01,NY,1869.86,marketplace
TXN-02821,2025-12-01,TX,770.22,website
TXN-02822,2025-12-01,TX,807.09,website
TXN-02823,2025-12-01,TX,993.75,wholesale
TXN-02824,2025-12-01,WA,580.83,website
TXN-02825,2025-12-02,CA,1091.07,website
TXN-02826,2025-12-02,CO,502.14,website
TXN-02827,2025-12-02,CO,644.48,website
TXN-02828,2025-12-02,CO,756.13,website
TXN-02829,2025-12-02,CO,762.10,marketplace
TXN-02830,2025-12-02,CO,1172.66,website
TXN-02831,2025-12-02,TX,456.91,wholesale
TXN-02832,2025-12-02,TX,478.98,wholesale
TXN-02833,2025-12-02,TX,553.57,marketplace
TXN-02834,2025-12-02,TX,568.14,wholesale
TXN-02835,2025-12-03,CA,521.24,website
TXN-02836,2025-12-03,CO,452.52,marketplace
TXN-02837,2025-12-03,CO,495.62,website
TXN-02838,2025-12-03,CO,1333.23,marketplace
TXN-02839,2025-12-03,TX,482.06,wholesale
TXN-02840,2025-12-03,TX,844.40,wholesale
TXN-02841,2025-12-03,TX,896.37,website
TXN-02842,2025-12-04,CA,745.26,wholesale
TXN-02843,2025-12-04,CO,448.84,website
TXN-02844,2025-12-04,CO,484.49,website
TXN-02845,2025-12-04,CO,588.21,wholesale
TXN-02846,2025-12-04,CO,878.55,wholesale
TXN-02847,2025-12-04,CO,1260.99,wholesale
TXN-02848,2025-12-04,NY,1188.97,website
TXN-02849,2025-12-04,TX,360.25,website
TXN-02850,2025-12-04,TX,494.97,wholesale
TXN-02851,2025-12-04,TX,637.57,marketplace
TXN-02852,2025-12-04,TX,885.36,website
TXN-02853,2025-12-04,TX,957.52,website
TXN-02854,2025-12-05,CA,534.55,website
TXN-02855,2025-12-05,CO,497.69,website
TXN-02856,2025-12-05,CO,564.66,wholesale
TXN-02857,2025-12-05,CO,1020.30,website
TXN-02858,2025-12-05,CO,1165.81,wholesale
TXN-02859,2025-12-05,CO,1188.88,wholesale
TXN-02860,2025-12-05,TX,517.21,website
TXN-02861,2025-12-05,TX,602.56,website
TXN-02862,2025-12-06,CA,473.89,wholesale
TXN-02863,2025-12-06,CA,1094.33,wholesale
TXN-02864,2025-12-06,CO,770.63,website
TXN-02865,2025-12-06,CO,906.57,website
TXN-02866,2025-12-06,CO,946.43,wholesale
TXN-02867,2025-12-06,CO,1077.46,website
TXN-02868,2025-12-06,TX,922.63,website
TXN-02869,2025-12-06,TX,960.02,marketplace
TXN-02870,2025-12-07,TX,554.66,website
TXN-02871,2025-12-07,TX,844.81,website
TXN-02872,2025-12-07,TX,984.16,website
TXN-02873,2025-12-08,CO,449.00,wholesale
TXN-02874,2025-12-08,CO,991.00,wholesale
TXN-02875,2025-12-08,CO,1097.57,website
TXN-02876,2025-12-08,CO,1324.74,wholesale
TXN-02877,2025-12-08,TX,633.41,website
TXN-02878,2025-12-08,TX,807.67,wholesale
TXN-02879,2025-12-09,CO,576.41,website
TXN-02880,2025-12-09,CO,602.41,wholesale
TXN-02881,2025-12-09,CO,863.44,website
TXN-02882,2025-12-09,CO,1267.21,website
TXN-02883,2025-12-09,TX,406.90,marketplace
TXN-02884,2025-12-09,TX,468.70,wholesale
TXN-02885,2025-12-09,TX,704.23,wholesale
TXN-02886,2025-12-09,WA,416.33,marketplace
TXN-02887,2025-12-09,WA,623.05,website
TXN-02888,2025-12-09,WA,773.41,website
TXN-02889,2025-12-10,CO,503.88,website
TXN-02890,2025-12-10,CO,749.16,wholesale
TXN-02891,2025-12-10,CO,1309.90,marketplace
TXN-02892,2025-12-10,TX,566.07,website
TXN-02893,2025-12-10,TX,622.29,website
TXN-02894,2025-12-10,TX,627.66,wholesale
TXN-02895,2025-12-10,TX,668.09,website
TXN-02896,2025-12-10,TX,832.31,website
TXN-02897,2025-12-10,TX,838.43,website
TXN-02898,2025-12-10,TX,896.31,website
TXN-02899,2025-12-11,CA,468.01,website
TXN-02900,2025-12-11,CA,800.47,website
TXN-02901,2025-12-11,CO,477.70,website
TXN-02902,2025-12-11,CO,791.25,website
TXN-02903,2025-12-11,CO,833.62,wholesale
TXN-02904,2025-12-11,CO,952.10,wholesale
TXN-02905,2025-12-11,CO,1104.05,website
TXN-02906,2025-12-11,CO,1193.95,website
TXN-02907,2025-12-11,CO,1234.45,website
TXN-02908,2025-12-11,NY,919.16,wholesale
TXN-02909,2025-12-11,TX,889.04,website
TXN-02910,2025-12-12,CA,395.35,website
TXN-02911,2025-12-12,CA,646.18,website
TXN-02912,2025-12-12,CO,637.45,website
TXN-02913,2025-12-12,TX,472.06,website
TXN-02914,2025-12-12,TX,559.32,website
TXN-02915,2025-12-12,TX,608.39,website
TXN-02916,2025-12-12,TX,948.68,marketplace
TXN-02917,2025-12-13,CO,614.80,website
TXN-02918,2025-12-13,TX,353.98,website
TXN-02919,2025-12-13,TX,382.88,website
TXN-02920,2025-12-13,TX,473.47,website
TXN-02921,2025-12-13,TX,846.10,wholesale
TXN-02922,2025-12-13,TX,992.99,marketplace
TXN-02923,2025-12-14,CA,408.59,website
TXN-02924,2025-12-14,CA,838.71,website
TXN-02925,2025-12-14,CO,990.93,website
TXN-02926,2025-12-14,CO,1045.44,wholesale
TXN-02927,2025-12-14,CO,1251.17,wholesale
TXN-02928,2025-12-14,TX,533.29,wholesale
TXN-02929,2025-12-14,TX,930.58,wholesale
TXN-02930,2025-12-14,WA,634.11,website
TXN-02931,2025-12-14,WA,724.63,website
TXN-02932,2025-12-15,CO,495.58,website
TXN-02933,2025-12-15,CO,515.04,website
TXN-02934,2025-12-15,CO,617.03,website
TXN-02935,2025-12-15,CO,927.74,marketplace
TXN-02936,2025-12-15,TX,1018.99,website
TXN-02937,2025-12-15,WA,466.46,website
TXN-02938,2025-12-16,CA,804.09,wholesale
TXN-02939,2025-12-16,CA,1070.14,website
TXN-02940,2025-12-16,CO,1069.11,website
TXN-02941,2025-12-16,CO,1195.61,website
TXN-02942,2025-12-16,TX,466.37,website
TXN-02943,2025-12-16,TX,544.03,website
TXN-02944,2025-12-16,TX,873.71,wholesale
TXN-02945,2025-12-16,TX,883.54,website
TXN-02946,2025-12-16,WA,324.17,website
TXN-02947,2025-12-16,WA,403.93,marketplace
TXN-02948,2025-12-16,WA,626.18,website
TXN-02949,2025-12-17,CA,649.08,website
TXN-02950,2025-12-17,CO,1009.15,website
TXN-02951,2025-12-17,CO,1222.37,website
TXN-02952,2025-12-17,CO,1330.07,website
TXN-02953,2025-12-17,NY,1066.01,website
TXN-02954,2025-12-17,TX,401.31,marketplace
TXN-02955,2025-12-17,TX,850.15,website
TXN-02956,2025-12-17,TX,993.44,website
TXN-02957,2025-12-17,WA,759.93,website
TXN-02958,2025-12-18,CO,553.34,wholesale
TXN-02959,2025-12-18,CO,867.09,website
TXN-02960,2025-12-18,CO,930.59,wholesale
TXN-02961,2025-12-18,CO,1191.08,website
TXN-02962,2025-12-18,TX,913.12,wholesale
TXN-02963,2025-12-18,WA,451.31,wholesale
TXN-02964,2025-12-19,CO,653.00,website
TXN-02965,2025-12-19,CO,950.98,website
TXN-02966,2025-12-19,CO,1158.06,marketplace
TXN-02967,2025-12-19,TX,358.01,website
TXN-02968,2025-12-19,TX,1018.94,marketplace
TXN-02969,2025-12-19,WA,316.10,website
TXN-02970,2025-12-20,CA,370.01,website
TXN-02971,2025-12-20,CA,700.85,website
TXN-02972,2025-12-20,CO,517.66,wholesale
TXN-02973,2025-12-20,CO,804.43,website
TXN-02974,2025-12-20,CO,888.44,website
TXN-02975,2025-12-20,CO,899.24,website
TXN-02976,2025-12-20,CO,955.95,website
TXN-02977,2025-12-20,CO,1124.02,marketplace
TXN-02978,2025-12-20,TX,351.25,website
TXN-02979,2025-12-20,TX,425.99,website
TXN-02980,2025-12-20,TX,493.39,website
TXN-02981,2025-12-20,TX,873.31,website
TXN-02982,2025-12-20,TX,902.01,wholesale
TXN-02983,2025-12-20,TX,958.08,wholesale
TXN-02984,2025-12-21,CA,463.96,wholesale
TXN-02985,2025-12-21,CA,499.43,website
TXN-02986,2025-12-21,CA,614.47,website
TXN-02987,2025-12-21,CO,571.10,website
TXN-02988,2025-12-21,CO,582.76,marketplace
TXN-02989,2025-12-21,CO,700.07,website
TXN-02990,2025-12-21,CO,736.70,website
TXN-02991,2025-12-21,CO,827.98,website
TXN-02992,2025-12-21,TX,506.94,website
TXN-02993,2025-12-21,TX,960.26,website
TXN-02994,2025-12-21,WA,441.51,wholesale
TXN-02995,2025-12-22,CO,1166.81,website
TXN-02996,2025-12-22,TX,349.11,wholesale
TXN-02997,2025-12-22,WA,274.40,website
TXN-02998,2025-12-23,CA,969.58,website
TXN-02999,2025-12-23,CO,755.73,website
TXN-03000,2025-12-23,CO,1050.34,wholesale
TXN-03001,2025-12-23,TX,467.81,website
TXN-03002,2025-12-23,TX,599.05,website
TXN-03003,2025-12-23,TX,607.26,wholesale
TXN-03004,2025-12-23,TX,709.95,wholesale
TXN-03005,2025-12-23,TX,743.43,website
TXN-03006,2025-12-23,TX,1014.63,website
TXN-03007,2025-12-23,WA,267.72,website
TXN-03008,2025-12-24,CA,684.85,website
TXN-03009,2025-12-24,CA,1042.80,website
TXN-03010,2025-12-24,CO,611.92,website
TXN-03011,2025-12-24,CO,687.06,wholesale
TXN-03012,2025-12-24,CO,892.44,website
TXN-03013,2025-12-24,CO,896.83,website
TXN-03014,2025-12-24,CO,896.89,wholesale
TXN-03015,2025-12-24,CO,919.02,website
TXN-03016,2025-12-24,CO,976.91,website
TXN-03017,2025-12-24,FL,469.32,wholesale
TXN-03018,2025-12-24,TX,747.22,marketplace
TXN-03019,2025-12-24,WA,398.55,website
TXN-03020,2025-12-25,CA,819.07,website
TXN-03021,2025-12-25,CO,1021.51,wholesale
TXN-03022,2025-12-25,CO,1326.18,website
TXN-03023,2025-12-25,TX,355.80,website
TXN-03024,2025-12-25,WA,449.05,website
TXN-03025,2025-12-25,WA,641.52,website
TXN-03026,2025-12-26,CA,450.74,website
TXN-03027,2025-12-26,CO,603.98,website
TXN-03028,2025-12-26,CO,620.48,website
TXN-03029,2025-12-26,CO,1129.89,website
TXN-03030,2025-12-26,CO,1332.19,website
TXN-03031,2025-12-26,TX,390.36,website
TXN-03032,2025-12-26,TX,393.59,website
TXN-03033,2025-12-26,TX,513.59,wholesale
TXN-03034,2025-12-26,TX,629.49,marketplace
TXN-03035,2025-12-26,TX,764.07,wholesale
TXN-03036,2025-12-26,TX,767.70,website
TXN-03037,2025-12-26,TX,851.51,website
TXN-03038,2025-12-27,CO,477.19,wholesale
TXN-03039,2025-12-27,CO,500.18,website
TXN-03040,2025-12-27,CO,559.17,website
TXN-03041,2025-12-27,CO,717.52,wholesale
TXN-03042,2025-12-27,TX,601.83,wholesale
TXN-03043,2025-12-27,WA,783.53,marketplace
TXN-03044,2025-12-28,CA,723.44,website
TXN-03045,2025-12-28,CO,1080.66,wholesale
TXN-03046,2025-12-28,CO,1255.46,website
TXN-03047,2025-12-28,TX,462.03,wholesale
TXN-03048,2025-12-28,TX,489.93,website
TXN-03049,2025-12-28,TX,686.23,website
TXN-03050,2025-12-28,TX,816.41,website
TXN-03051,2025-12-28,WA,504.85,wholesale
TXN-03052,2025-12-29,CA,456.71,website
TXN-03053,2025-12-29,CO,998.88,wholesale
TXN-03054,2025-12-29,CO,1010.68,website
TXN-03055,2025-12-29,CO,1256.07,website
TXN-03056,2025-12-29,TX,551.13,website
TXN-03057,2025-12-29,TX,897.91,website
TXN-03058,2025-12-30,CA,700.77,wholesale
TXN-03059,2025-12-30,CA,911.18,marketplace
TXN-03060,2025-12-30,CO,605.03,website
TXN-03061,2025-12-30,CO,924.08,website
TXN-03062,2025-12-30,TX,768.88,wholesale
TXN-03063,2025-12-30,WA,334.15,website
TXN-03064,2025-12-31,CA,592.65,website
TXN-03065,2025-12-31,CO,490.59,wholesale
TXN-03066,2025-12-31,CO,741.47,website
TXN-03067,2025-12-31,CO,781.01,website
TXN-03068,2025-12-31,CO,1008.08,marketplace
TXN-03069,2025-12-31,CO,1016.60,website
TXN-03070,2025-12-31,CO,1188.07,wholesale
TXN-03071,2025-12-31,CO,1262.14,website
TXN-03072,2025-12-31,TX,393.14,website
TXN-03073,2025-12-31,TX,499.82,website
TXN-03074,2025-12-31,TX,813.85,wholesale
TXN-03075,2025-12-31,TX,1030.84,wholesale
